Block,Address,Balance
12000000,0x275B2eDbC7C4413dbECFf9Ef37ba9214758e3B13,32.168423662258616458
12000000,0x5ade40e345817B739b91c6B4615eFCE87F9D7c57,1E-18
12000000,0x6AF235d2Bbe050e6291615B71CA5829658810142,723.088743539114591116
12000000,0x97960149fc611508748dE01202974d372a677632,4609.758222653715129904
12000000,0xdD4Bc51496dc93A0c47008E820e0d80745476f22,11.261009585128111887
12000000,0xBA3d14a79340CB1EAC61f8ddD0A56F4624Db0e0D,23.451803214355038479
12000000,0xa9BEFffe0061866E240CBBED7E2572C48941b2Db,1.007305872051997542
12000000,0x4E475640967781Afc29d3C8aAFAe4FFC041710B7,69.364836863881519891
12000001,0x275B2eDbC7C4413dbECFf9Ef37ba9214758e3B13,32.168423662258616458
12000001,0x5ade40e345817B739b91c6B4615eFCE87F9D7c57,1E-18
12000001,0x6AF235d2Bbe050e6291615B71CA5829658810142,723.088743539114591116
12000001,0x97960149fc611508748dE01202974d372a677632,4609.758222653715129904
12000001,0xdD4Bc51496dc93A0c47008E820e0d80745476f22,11.261009585128111887
12000001,0xBA3d14a79340CB1EAC61f8ddD0A56F4624Db0e0D,23.451803214355038479
12000001,0xa9BEFffe0061866E240CBBED7E2572C48941b2Db,1.007305872051997542
12000001,0x4E475640967781Afc29d3C8aAFAe4FFC041710B7,69.364836863881519891
12000002,0x275B2eDbC7C4413dbECFf9Ef37ba9214758e3B13,32.168423662258616458
12000002,0x5ade40e345817B739b91c6B4615eFCE87F9D7c57,1E-18
12000002,0x6AF235d2Bbe050e6291615B71CA5829658810142,723.088743539114591116
12000002,0x97960149fc611508748dE01202974d372a677632,4609.758222653715129904
12000002,0xdD4Bc51496dc93A0c47008E820e0d80745476f22,11.261009585128111887
12000002,0xBA3d14a79340CB1EAC61f8ddD0A56F4624Db0e0D,23.451803214355038479
12000002,0xa9BEFffe0061866E240CBBED7E2572C48941b2Db,1.007305872051997542
12000002,0x4E475640967781Afc29d3C8aAFAe4FFC041710B7,69.364836863881519891
12000003,0x275B2eDbC7C4413dbECFf9Ef37ba9214758e3B13,32.168423662258616458
12000003,0x5ade40e345817B739b91c6B4615eFCE87F9D7c57,1E-18
12000003,0x6AF235d2Bbe050e6291615B71CA5829658810142,723.088743539114591116
12000003,0x97960149fc611508748dE01202974d372a677632,4609.758222653715129904
12000003,0xdD4Bc51496dc93A0c47008E820e0d80745476f22,11.261009585128111887
12000003,0xBA3d14a79340CB1EAC61f8ddD0A56F4624Db0e0D,23.451803214355038479
12000003,0xa9BEFffe0061866E240CBBED7E2572C48941b2Db,1.007305872051997542
12000003,0x4E475640967781Afc29d3C8aAFAe4FFC041710B7,69.364836863881519891
12000004,0x275B2eDbC7C4413dbECFf9Ef37ba9214758e3B13,32.168423662258616458
12000004,0x5ade40e345817B739b91c6B4615eFCE87F9D7c57,1E-18
12000004,0x6AF235d2Bbe050e6291615B71CA5829658810142,723.088743539114591116
12000004,0x97960149fc611508748dE01202974d372a677632,4609.758222653715129904
12000004,0xdD4Bc51496dc93A0c47008E820e0d80745476f22,11.261009585128111887
12000004,0xBA3d14a79340CB1EAC61f8ddD0A56F4624Db0e0D,23.451803214355038479
12000004,0xa9BEFffe0061866E240CBBED7E2572C48941b2Db,1.007305872051997542
12000004,0x4E475640967781Afc29d3C8aAFAe4FFC041710B7,69.364836863881519891
12000005,0x275B2eDbC7C4413dbECFf9Ef37ba9214758e3B13,32.168423662258616458
12000005,0x5ade40e345817B739b91c6B4615eFCE87F9D7c57,1E-18
12000005,0x6AF235d2Bbe050e6291615B71CA5829658810142,723.088743539114591116
12000005,0x97960149fc611508748dE01202974d372a677632,4609.758222653715129904
12000005,0xdD4Bc51496dc93A0c47008E820e0d80745476f22,11.261009585128111887
12000005,0xBA3d14a79340CB1EAC61f8ddD0A56F4624Db0e0D,23.451803214355038479
12000005,0xa9BEFffe0061866E240CBBED7E2572C48941b2Db,1.007305872051997542
12000005,0x4E475640967781Afc29d3C8aAFAe4FFC041710B7,69.364836863881519891
12000006,0x275B2eDbC7C4413dbECFf9Ef37ba9214758e3B13,32.168423662258616458
12000006,0x5ade40e345817B739b91c6B4615eFCE87F9D7c57,1E-18
12000006,0x6AF235d2Bbe050e6291615B71CA5829658810142,723.088743539114591116
12000006,0x97960149fc611508748dE01202974d372a677632,4609.758222653715129904
12000006,0xdD4Bc51496dc93A0c47008E820e0d80745476f22,11.261009585128111887
12000006,0xBA3d14a79340CB1EAC61f8ddD0A56F4624Db0e0D,23.451803214355038479
12000006,0xa9BEFffe0061866E240CBBED7E2572C48941b2Db,1.007305872051997542
12000006,0x4E475640967781Afc29d3C8aAFAe4FFC041710B7,69.364836863881519891
12000007,0x275B2eDbC7C4413dbECFf9Ef37ba9214758e3B13,32.168423662258616458
12000007,0x5ade40e345817B739b91c6B4615eFCE87F9D7c57,1E-18
12000007,0x6AF235d2Bbe050e6291615B71CA5829658810142,723.088743539114591116
12000007,0x97960149fc611508748dE01202974d372a677632,4609.758222653715129904
12000007,0xdD4Bc51496dc93A0c47008E820e0d80745476f22,11.261009585128111887
12000007,0xBA3d14a79340CB1EAC61f8ddD0A56F4624Db0e0D,23.451803214355038479
12000007,0xa9BEFffe0061866E240CBBED7E2572C48941b2Db,1.007305872051997542
12000007,0x4E475640967781Afc29d3C8aAFAe4FFC041710B7,69.364836863881519891
12000008,0x275B2eDbC7C4413dbECFf9Ef37ba9214758e3B13,32.168423662258616458
12000008,0x5ade40e345817B739b91c6B4615eFCE87F9D7c57,1E-18
12000008,0x6AF235d2Bbe050e6291615B71CA5829658810142,723.088743539114591116
12000008,0x97960149fc611508748dE01202974d372a677632,4609.758222653715129904
12000008,0xdD4Bc51496dc93A0c47008E820e0d80745476f22,11.261009585128111887
12000008,0xBA3d14a79340CB1EAC61f8ddD0A56F4624Db0e0D,23.451803214355038479
12000008,0xa9BEFffe0061866E240CBBED7E2572C48941b2Db,1.007305872051997542
12000008,0x4E475640967781Afc29d3C8aAFAe4FFC041710B7,69.364836863881519891
12000009,0x275B2eDbC7C4413dbECFf9Ef37ba9214758e3B13,32.168423662258616458
12000009,0x5ade40e345817B739b91c6B4615eFCE87F9D7c57,1E-18
12000009,0x6AF235d2Bbe050e6291615B71CA5829658810142,723.088743539114591116
12000009,0x97960149fc611508748dE01202974d372a677632,4609.758222653715129904
12000009,0xdD4Bc51496dc93A0c47008E820e0d80745476f22,11.261009585128111887
12000009,0xBA3d14a79340CB1EAC61f8ddD0A56F4624Db0e0D,23.451803214355038479
12000009,0xa9BEFffe0061866E240CBBED7E2572C48941b2Db,1.007305872051997542
12000009,0x4E475640967781Afc29d3C8aAFAe4FFC041710B7,69.364836863881519891
12000010,0x275B2eDbC7C4413dbECFf9Ef37ba9214758e3B13,32.168423662258616458
12000010,0x5ade40e345817B739b91c6B4615eFCE87F9D7c57,1E-18
12000010,0x6AF235d2Bbe050e6291615B71CA5829658810142,723.088743539114591116
12000010,0x97960149fc611508748dE01202974d372a677632,4609.758222653715129904
12000010,0xdD4Bc51496dc93A0c47008E820e0d80745476f22,11.261009585128111887
12000010,0xBA3d14a79340CB1EAC61f8ddD0A56F4624Db0e0D,23.451803214355038479
12000010,0xa9BEFffe0061866E240CBBED7E2572C48941b2Db,1.007305872051997542
12000010,0x4E475640967781Afc29d3C8aAFAe4FFC041710B7,69.364836863881519891
12000011,0x275B2eDbC7C4413dbECFf9Ef37ba9214758e3B13,32.168423662258616458
12000011,0x5ade40e345817B739b91c6B4615eFCE87F9D7c57,1E-18
12000011,0x6AF235d2Bbe050e6291615B71CA5829658810142,723.088743539114591116
12000011,0x97960149fc611508748dE01202974d372a677632,4609.758222653715129904
12000011,0xdD4Bc51496dc93A0c47008E820e0d80745476f22,11.261009585128111887
12000011,0xBA3d14a79340CB1EAC61f8ddD0A56F4624Db0e0D,23.451803214355038479
12000011,0xa9BEFffe0061866E240CBBED7E2572C48941b2Db,1.007305872051997542
12000011,0x4E475640967781Afc29d3C8aAFAe4FFC041710B7,69.364836863881519891
12000012,0x275B2eDbC7C4413dbECFf9Ef37ba9214758e3B13,32.168423662258616458
12000012,0x5ade40e345817B739b91c6B4615eFCE87F9D7c57,1E-18
12000012,0x6AF235d2Bbe050e6291615B71CA5829658810142,723.088743539114591116
12000012,0x97960149fc611508748dE01202974d372a677632,4609.758222653715129904
12000012,0xdD4Bc51496dc93A0c47008E820e0d80745476f22,11.261009585128111887
12000012,0xBA3d14a79340CB1EAC61f8ddD0A56F4624Db0e0D,23.451803214355038479
12000012,0xa9BEFffe0061866E240CBBED7E2572C48941b2Db,1.007305872051997542
12000012,0x4E475640967781Afc29d3C8aAFAe4FFC041710B7,69.364836863881519891
12000013,0x275B2eDbC7C4413dbECFf9Ef37ba9214758e3B13,32.168423662258616458
12000013,0x5ade40e345817B739b91c6B4615eFCE87F9D7c57,1E-18
12000013,0x6AF235d2Bbe050e6291615B71CA5829658810142,723.088743539114591116
12000013,0x97960149fc611508748dE01202974d372a677632,4609.758222653715129904
12000013,0xdD4Bc51496dc93A0c47008E820e0d80745476f22,11.261009585128111887
12000013,0xBA3d14a79340CB1EAC61f8ddD0A56F4624Db0e0D,23.451803214355038479
12000013,0xa9BEFffe0061866E240CBBED7E2572C48941b2Db,1.007305872051997542
12000013,0x4E475640967781Afc29d3C8aAFAe4FFC041710B7,69.364836863881519891
12000014,0x275B2eDbC7C4413dbECFf9Ef37ba9214758e3B13,32.168423662258616458
12000014,0x5ade40e345817B739b91c6B4615eFCE87F9D7c57,1E-18
12000014,0x6AF235d2Bbe050e6291615B71CA5829658810142,723.088743539114591116
12000014,0x97960149fc611508748dE01202974d372a677632,4609.758222653715129904
12000014,0xdD4Bc51496dc93A0c47008E820e0d80745476f22,11.261009585128111887
12000014,0xBA3d14a79340CB1EAC61f8ddD0A56F4624Db0e0D,23.451803214355038479
12000014,0xa9BEFffe0061866E240CBBED7E2572C48941b2Db,1.007305872051997542
12000014,0x4E475640967781Afc29d3C8aAFAe4FFC041710B7,69.364836863881519891
12000015,0x275B2eDbC7C4413dbECFf9Ef37ba9214758e3B13,32.168423662258616458
12000015,0x5ade40e345817B739b91c6B4615eFCE87F9D7c57,1E-18
12000015,0x6AF235d2Bbe050e6291615B71CA5829658810142,723.088743539114591116
12000015,0x97960149fc611508748dE01202974d372a677632,4609.758222653715129904
12000015,0xdD4Bc51496dc93A0c47008E820e0d80745476f22,0.061009585128111887
12000015,0xBA3d14a79340CB1EAC61f8ddD0A56F4624Db0e0D,23.451803214355038479
12000015,0xa9BEFffe0061866E240CBBED7E2572C48941b2Db,1.007305872051997542
12000015,0x4E475640967781Afc29d3C8aAFAe4FFC041710B7,69.364836863881519891
12000016,0x275B2eDbC7C4413dbECFf9Ef37ba9214758e3B13,32.168423662258616458
12000016,0x5ade40e345817B739b91c6B4615eFCE87F9D7c57,1E-18
12000016,0x6AF235d2Bbe050e6291615B71CA5829658810142,723.088743539114591116
12000016,0x97960149fc611508748dE01202974d372a677632,4609.758222653715129904
12000016,0xdD4Bc51496dc93A0c47008E820e0d80745476f22,0.061009585128111887
12000016,0xBA3d14a79340CB1EAC61f8ddD0A56F4624Db0e0D,23.451803214355038479
12000016,0xa9BEFffe0061866E240CBBED7E2572C48941b2Db,1.007305872051997542
12000016,0x4E475640967781Afc29d3C8aAFAe4FFC041710B7,69.364836863881519891
12000017,0x275B2eDbC7C4413dbECFf9Ef37ba9214758e3B13,32.168423662258616458
12000017,0x5ade40e345817B739b91c6B4615eFCE87F9D7c57,1E-18
12000017,0x6AF235d2Bbe050e6291615B71CA5829658810142,723.088743539114591116
12000017,0x97960149fc611508748dE01202974d372a677632,4609.758222653715129904
12000017,0xdD4Bc51496dc93A0c47008E820e0d80745476f22,0.061009585128111887
12000017,0xBA3d14a79340CB1EAC61f8ddD0A56F4624Db0e0D,23.451803214355038479
12000017,0xa9BEFffe0061866E240CBBED7E2572C48941b2Db,1.007305872051997542
12000017,0x4E475640967781Afc29d3C8aAFAe4FFC041710B7,69.364836863881519891
12000018,0x275B2eDbC7C4413dbECFf9Ef37ba9214758e3B13,32.168423662258616458
12000018,0x5ade40e345817B739b91c6B4615eFCE87F9D7c57,1E-18
12000018,0x6AF235d2Bbe050e6291615B71CA5829658810142,723.088743539114591116
12000018,0x97960149fc611508748dE01202974d372a677632,4609.758222653715129904
12000018,0xdD4Bc51496dc93A0c47008E820e0d80745476f22,0.061009585128111887
12000018,0xBA3d14a79340CB1EAC61f8ddD0A56F4624Db0e0D,23.451803214355038479
12000018,0xa9BEFffe0061866E240CBBED7E2572C48941b2Db,1.007305872051997542
12000018,0x4E475640967781Afc29d3C8aAFAe4FFC041710B7,69.364836863881519891
12000019,0x275B2eDbC7C4413dbECFf9Ef37ba9214758e3B13,32.168423662258616458
12000019,0x5ade40e345817B739b91c6B4615eFCE87F9D7c57,1E-18
12000019,0x6AF235d2Bbe050e6291615B71CA5829658810142,723.088743539114591116
12000019,0x97960149fc611508748dE01202974d372a677632,4609.758222653715129904
12000019,0xdD4Bc51496dc93A0c47008E820e0d80745476f22,0.061009585128111887
12000019,0xBA3d14a79340CB1EAC61f8ddD0A56F4624Db0e0D,23.451803214355038479
12000019,0xa9BEFffe0061866E240CBBED7E2572C48941b2Db,1.007305872051997542
12000019,0x4E475640967781Afc29d3C8aAFAe4FFC041710B7,69.364836863881519891
12000020,0x275B2eDbC7C4413dbECFf9Ef37ba9214758e3B13,32.168423662258616458
12000020,0x5ade40e345817B739b91c6B4615eFCE87F9D7c57,1E-18
12000020,0x6AF235d2Bbe050e6291615B71CA5829658810142,723.088743539114591116
12000020,0x97960149fc611508748dE01202974d372a677632,4609.758222653715129904
12000020,0xdD4Bc51496dc93A0c47008E820e0d80745476f22,0.061009585128111887
12000020,0xBA3d14a79340CB1EAC61f8ddD0A56F4624Db0e0D,23.451803214355038479
12000020,0xa9BEFffe0061866E240CBBED7E2572C48941b2Db,1.007305872051997542
12000020,0x4E475640967781Afc29d3C8aAFAe4FFC041710B7,69.364836863881519891
12000021,0x275B2eDbC7C4413dbECFf9Ef37ba9214758e3B13,32.168423662258616458
12000021,0x5ade40e345817B739b91c6B4615eFCE87F9D7c57,1E-18
12000021,0x6AF235d2Bbe050e6291615B71CA5829658810142,723.088743539114591116
12000021,0x97960149fc611508748dE01202974d372a677632,4609.758222653715129904
12000021,0xdD4Bc51496dc93A0c47008E820e0d80745476f22,0.061009585128111887
12000021,0xBA3d14a79340CB1EAC61f8ddD0A56F4624Db0e0D,23.451803214355038479
12000021,0xa9BEFffe0061866E240CBBED7E2572C48941b2Db,1.007305872051997542
12000021,0x4E475640967781Afc29d3C8aAFAe4FFC041710B7,69.364836863881519891
12000022,0x275B2eDbC7C4413dbECFf9Ef37ba9214758e3B13,32.168423662258616458
12000022,0x5ade40e345817B739b91c6B4615eFCE87F9D7c57,1E-18
12000022,0x6AF235d2Bbe050e6291615B71CA5829658810142,723.088743539114591116
12000022,0x97960149fc611508748dE01202974d372a677632,4609.758222653715129904
12000022,0xdD4Bc51496dc93A0c47008E820e0d80745476f22,0.061009585128111887
12000022,0xBA3d14a79340CB1EAC61f8ddD0A56F4624Db0e0D,23.451803214355038479
12000022,0xa9BEFffe0061866E240CBBED7E2572C48941b2Db,1.007305872051997542
12000022,0x4E475640967781Afc29d3C8aAFAe4FFC041710B7,69.364836863881519891
12000023,0x275B2eDbC7C4413dbECFf9Ef37ba9214758e3B13,32.168423662258616458
12000023,0x5ade40e345817B739b91c6B4615eFCE87F9D7c57,1E-18
12000023,0x6AF235d2Bbe050e6291615B71CA5829658810142,723.088743539114591116
12000023,0x97960149fc611508748dE01202974d372a677632,4609.758222653715129904
12000023,0xdD4Bc51496dc93A0c47008E820e0d80745476f22,0.061009585128111887
12000023,0xBA3d14a79340CB1EAC61f8ddD0A56F4624Db0e0D,23.451803214355038479
12000023,0xa9BEFffe0061866E240CBBED7E2572C48941b2Db,1.007305872051997542
12000023,0x4E475640967781Afc29d3C8aAFAe4FFC041710B7,69.364836863881519891
12000024,0x275B2eDbC7C4413dbECFf9Ef37ba9214758e3B13,32.168423662258616458
12000024,0x5ade40e345817B739b91c6B4615eFCE87F9D7c57,1E-18
12000024,0x6AF235d2Bbe050e6291615B71CA5829658810142,723.088743539114591116
12000024,0x97960149fc611508748dE01202974d372a677632,4609.758222653715129904
12000024,0xdD4Bc51496dc93A0c47008E820e0d80745476f22,0.061009585128111887
12000024,0xBA3d14a79340CB1EAC61f8ddD0A56F4624Db0e0D,23.451803214355038479
12000024,0xa9BEFffe0061866E240CBBED7E2572C48941b2Db,1.007305872051997542
12000024,0x4E475640967781Afc29d3C8aAFAe4FFC041710B7,69.364836863881519891
12000025,0x275B2eDbC7C4413dbECFf9Ef37ba9214758e3B13,32.168423662258616458
12000025,0x5ade40e345817B739b91c6B4615eFCE87F9D7c57,1E-18
12000025,0x6AF235d2Bbe050e6291615B71CA5829658810142,723.088743539114591116
12000025,0x97960149fc611508748dE01202974d372a677632,4609.758222653715129904
12000025,0xdD4Bc51496dc93A0c47008E820e0d80745476f22,0.061009585128111887
12000025,0xBA3d14a79340CB1EAC61f8ddD0A56F4624Db0e0D,23.451803214355038479
12000025,0xa9BEFffe0061866E240CBBED7E2572C48941b2Db,1.007305872051997542
12000025,0x4E475640967781Afc29d3C8aAFAe4FFC041710B7,69.364836863881519891
12000026,0x275B2eDbC7C4413dbECFf9Ef37ba9214758e3B13,32.168423662258616458
12000026,0x5ade40e345817B739b91c6B4615eFCE87F9D7c57,1E-18
12000026,0x6AF235d2Bbe050e6291615B71CA5829658810142,723.088743539114591116
12000026,0x97960149fc611508748dE01202974d372a677632,4609.758222653715129904
12000026,0xdD4Bc51496dc93A0c47008E820e0d80745476f22,0.061009585128111887
12000026,0xBA3d14a79340CB1EAC61f8ddD0A56F4624Db0e0D,23.451803214355038479
12000026,0xa9BEFffe0061866E240CBBED7E2572C48941b2Db,1.007305872051997542
12000026,0x4E475640967781Afc29d3C8aAFAe4FFC041710B7,69.364836863881519891
12000027,0x275B2eDbC7C4413dbECFf9Ef37ba9214758e3B13,32.168423662258616458
12000027,0x5ade40e345817B739b91c6B4615eFCE87F9D7c57,1E-18
12000027,0x6AF235d2Bbe050e6291615B71CA5829658810142,723.088743539114591116
12000027,0x97960149fc611508748dE01202974d372a677632,4609.758222653715129904
12000027,0xdD4Bc51496dc93A0c47008E820e0d80745476f22,0.061009585128111887
12000027,0xBA3d14a79340CB1EAC61f8ddD0A56F4624Db0e0D,23.451803214355038479
12000027,0xa9BEFffe0061866E240CBBED7E2572C48941b2Db,1.007305872051997542
12000027,0x4E475640967781Afc29d3C8aAFAe4FFC041710B7,69.364836863881519891
12000028,0x275B2eDbC7C4413dbECFf9Ef37ba9214758e3B13,32.168423662258616458
12000028,0x5ade40e345817B739b91c6B4615eFCE87F9D7c57,1E-18
12000028,0x6AF235d2Bbe050e6291615B71CA5829658810142,723.088743539114591116
12000028,0x97960149fc611508748dE01202974d372a677632,4609.758222653715129904
12000028,0xdD4Bc51496dc93A0c47008E820e0d80745476f22,0.061009585128111887
12000028,0xBA3d14a79340CB1EAC61f8ddD0A56F4624Db0e0D,23.451803214355038479
12000028,0xa9BEFffe0061866E240CBBED7E2572C48941b2Db,1.007305872051997542
12000028,0x4E475640967781Afc29d3C8aAFAe4FFC041710B7,69.364836863881519891
12000029,0x275B2eDbC7C4413dbECFf9Ef37ba9214758e3B13,32.168423662258616458
12000029,0x99c16D5f932CeCcFAf53143e85Ae18f03256205d,2.062624562234213673
12000029,0x5ade40e345817B739b91c6B4615eFCE87F9D7c57,1E-18
12000029,0x6AF235d2Bbe050e6291615B71CA5829658810142,723.088743539114591116
12000029,0x97960149fc611508748dE01202974d372a677632,4609.758222653715129904
12000029,0xdD4Bc51496dc93A0c47008E820e0d80745476f22,0.061009585128111887
12000029,0xBA3d14a79340CB1EAC61f8ddD0A56F4624Db0e0D,23.451803214355038479
12000029,0xa9BEFffe0061866E240CBBED7E2572C48941b2Db,1.007305872051997542
12000029,0x4E475640967781Afc29d3C8aAFAe4FFC041710B7,69.364836863881519891
12000030,0x275B2eDbC7C4413dbECFf9Ef37ba9214758e3B13,32.168423662258616458
12000030,0x99c16D5f932CeCcFAf53143e85Ae18f03256205d,2.062624562234213673
12000030,0x5ade40e345817B739b91c6B4615eFCE87F9D7c57,1E-18
12000030,0x6AF235d2Bbe050e6291615B71CA5829658810142,723.088743539114591116
12000030,0x97960149fc611508748dE01202974d372a677632,4609.758222653715129904
12000030,0xdD4Bc51496dc93A0c47008E820e0d80745476f22,0.061009585128111887
12000030,0xBA3d14a79340CB1EAC61f8ddD0A56F4624Db0e0D,23.451803214355038479
12000030,0xa9BEFffe0061866E240CBBED7E2572C48941b2Db,1.007305872051997542
12000030,0x4E475640967781Afc29d3C8aAFAe4FFC041710B7,69.364836863881519891
12000031,0x275B2eDbC7C4413dbECFf9Ef37ba9214758e3B13,32.168423662258616458
12000031,0x99c16D5f932CeCcFAf53143e85Ae18f03256205d,2.062624562234213673
12000031,0x5ade40e345817B739b91c6B4615eFCE87F9D7c57,1E-18
12000031,0x6AF235d2Bbe050e6291615B71CA5829658810142,723.088743539114591116
12000031,0x97960149fc611508748dE01202974d372a677632,4609.758222653715129904
12000031,0xdD4Bc51496dc93A0c47008E820e0d80745476f22,0.061009585128111887
12000031,0xBA3d14a79340CB1EAC61f8ddD0A56F4624Db0e0D,23.451803214355038479
12000031,0xa9BEFffe0061866E240CBBED7E2572C48941b2Db,1.007305872051997542
12000031,0x4E475640967781Afc29d3C8aAFAe4FFC041710B7,69.364836863881519891
12000032,0x275B2eDbC7C4413dbECFf9Ef37ba9214758e3B13,32.168423662258616458
12000032,0x99c16D5f932CeCcFAf53143e85Ae18f03256205d,2.062624562234213673
12000032,0x5ade40e345817B739b91c6B4615eFCE87F9D7c57,1E-18
12000032,0x6AF235d2Bbe050e6291615B71CA5829658810142,723.088743539114591116
12000032,0x97960149fc611508748dE01202974d372a677632,4609.758222653715129904
12000032,0xdD4Bc51496dc93A0c47008E820e0d80745476f22,0.061009585128111887
12000032,0xBA3d14a79340CB1EAC61f8ddD0A56F4624Db0e0D,23.451803214355038479
12000032,0xa9BEFffe0061866E240CBBED7E2572C48941b2Db,1.007305872051997542
12000032,0x4E475640967781Afc29d3C8aAFAe4FFC041710B7,69.364836863881519891
12000033,0x275B2eDbC7C4413dbECFf9Ef37ba9214758e3B13,32.168423662258616458
12000033,0x99c16D5f932CeCcFAf53143e85Ae18f03256205d,2.062624562234213673
12000033,0x5ade40e345817B739b91c6B4615eFCE87F9D7c57,1E-18
12000033,0x6AF235d2Bbe050e6291615B71CA5829658810142,723.088743539114591116
12000033,0x97960149fc611508748dE01202974d372a677632,4609.758222653715129904
12000033,0xdD4Bc51496dc93A0c47008E820e0d80745476f22,0.061009585128111887
12000033,0xBA3d14a79340CB1EAC61f8ddD0A56F4624Db0e0D,23.451803214355038479
12000033,0xa9BEFffe0061866E240CBBED7E2572C48941b2Db,1.007305872051997542
12000033,0x4E475640967781Afc29d3C8aAFAe4FFC041710B7,69.364836863881519891
12000034,0x275B2eDbC7C4413dbECFf9Ef37ba9214758e3B13,32.168423662258616458
12000034,0x99c16D5f932CeCcFAf53143e85Ae18f03256205d,2.062624562234213673
12000034,0x5ade40e345817B739b91c6B4615eFCE87F9D7c57,1E-18
12000034,0x6AF235d2Bbe050e6291615B71CA5829658810142,723.088743539114591116
12000034,0x97960149fc611508748dE01202974d372a677632,4609.758222653715129904
12000034,0xdD4Bc51496dc93A0c47008E820e0d80745476f22,0.061009585128111887
12000034,0xBA3d14a79340CB1EAC61f8ddD0A56F4624Db0e0D,23.451803214355038479
12000034,0xa9BEFffe0061866E240CBBED7E2572C48941b2Db,1.007305872051997542
12000034,0x4E475640967781Afc29d3C8aAFAe4FFC041710B7,69.364836863881519891
12000035,0x275B2eDbC7C4413dbECFf9Ef37ba9214758e3B13,32.168423662258616458
12000035,0x99c16D5f932CeCcFAf53143e85Ae18f03256205d,2.062624562234213673
12000035,0x5ade40e345817B739b91c6B4615eFCE87F9D7c57,1E-18
12000035,0x6AF235d2Bbe050e6291615B71CA5829658810142,723.088743539114591116
12000035,0x97960149fc611508748dE01202974d372a677632,4609.758222653715129904
12000035,0xdD4Bc51496dc93A0c47008E820e0d80745476f22,0.061009585128111887
12000035,0xBA3d14a79340CB1EAC61f8ddD0A56F4624Db0e0D,23.451803214355038479
12000035,0xa9BEFffe0061866E240CBBED7E2572C48941b2Db,1.007305872051997542
12000035,0x4E475640967781Afc29d3C8aAFAe4FFC041710B7,69.364836863881519891
12000036,0x275B2eDbC7C4413dbECFf9Ef37ba9214758e3B13,32.168423662258616458
12000036,0x99c16D5f932CeCcFAf53143e85Ae18f03256205d,2.062624562234213673
12000036,0x5ade40e345817B739b91c6B4615eFCE87F9D7c57,1E-18
12000036,0x6AF235d2Bbe050e6291615B71CA5829658810142,723.088743539114591116
12000036,0x97960149fc611508748dE01202974d372a677632,4609.758222653715129904
12000036,0xdD4Bc51496dc93A0c47008E820e0d80745476f22,0.061009585128111887
12000036,0xBA3d14a79340CB1EAC61f8ddD0A56F4624Db0e0D,23.451803214355038479
12000036,0xa9BEFffe0061866E240CBBED7E2572C48941b2Db,1.007305872051997542
12000036,0x4E475640967781Afc29d3C8aAFAe4FFC041710B7,69.364836863881519891
12000037,0x275B2eDbC7C4413dbECFf9Ef37ba9214758e3B13,32.168423662258616458
12000037,0x99c16D5f932CeCcFAf53143e85Ae18f03256205d,2.062624562234213673
12000037,0x5ade40e345817B739b91c6B4615eFCE87F9D7c57,1E-18
12000037,0x6AF235d2Bbe050e6291615B71CA5829658810142,723.088743539114591116
12000037,0x97960149fc611508748dE01202974d372a677632,4609.758222653715129904
12000037,0xdD4Bc51496dc93A0c47008E820e0d80745476f22,0.061009585128111887
12000037,0xBA3d14a79340CB1EAC61f8ddD0A56F4624Db0e0D,23.451803214355038479
12000037,0xa9BEFffe0061866E240CBBED7E2572C48941b2Db,1.007305872051997542
12000037,0x4E475640967781Afc29d3C8aAFAe4FFC041710B7,69.364836863881519891
12000038,0x275B2eDbC7C4413dbECFf9Ef37ba9214758e3B13,32.168423662258616458
12000038,0x99c16D5f932CeCcFAf53143e85Ae18f03256205d,2.062624562234213673
12000038,0x5ade40e345817B739b91c6B4615eFCE87F9D7c57,1E-18
12000038,0x6AF235d2Bbe050e6291615B71CA5829658810142,723.088743539114591116
12000038,0x97960149fc611508748dE01202974d372a677632,4609.758222653715129904
12000038,0xdD4Bc51496dc93A0c47008E820e0d80745476f22,0.061009585128111887
12000038,0xBA3d14a79340CB1EAC61f8ddD0A56F4624Db0e0D,23.451803214355038479
12000038,0xa9BEFffe0061866E240CBBED7E2572C48941b2Db,1.007305872051997542
12000038,0x4E475640967781Afc29d3C8aAFAe4FFC041710B7,69.364836863881519891
12000039,0x275B2eDbC7C4413dbECFf9Ef37ba9214758e3B13,32.168423662258616458
12000039,0x99c16D5f932CeCcFAf53143e85Ae18f03256205d,2.062624562234213673
12000039,0x5ade40e345817B739b91c6B4615eFCE87F9D7c57,1E-18
12000039,0x6AF235d2Bbe050e6291615B71CA5829658810142,723.088743539114591116
12000039,0x97960149fc611508748dE01202974d372a677632,4609.758222653715129904
12000039,0xdD4Bc51496dc93A0c47008E820e0d80745476f22,0.061009585128111887
12000039,0xBA3d14a79340CB1EAC61f8ddD0A56F4624Db0e0D,23.451803214355038479
12000039,0xa9BEFffe0061866E240CBBED7E2572C48941b2Db,1.007305872051997542
12000039,0x4E475640967781Afc29d3C8aAFAe4FFC041710B7,69.364836863881519891
12000040,0x275B2eDbC7C4413dbECFf9Ef37ba9214758e3B13,32.168423662258616458
12000040,0x99c16D5f932CeCcFAf53143e85Ae18f03256205d,2.062624562234213673
12000040,0x5ade40e345817B739b91c6B4615eFCE87F9D7c57,1E-18
12000040,0x6AF235d2Bbe050e6291615B71CA5829658810142,723.088743539114591116
12000040,0x97960149fc611508748dE01202974d372a677632,4609.758222653715129904
12000040,0xe1E2a52a21226ba37f28ba6Cdf59F20156798F94,89.715319197544532118
12000040,0xdD4Bc51496dc93A0c47008E820e0d80745476f22,0.061009585128111887
12000040,0xBA3d14a79340CB1EAC61f8ddD0A56F4624Db0e0D,23.451803214355038479
12000040,0xa9BEFffe0061866E240CBBED7E2572C48941b2Db,1.007305872051997542
12000040,0x4E475640967781Afc29d3C8aAFAe4FFC041710B7,69.364836863881519891
12000041,0x275B2eDbC7C4413dbECFf9Ef37ba9214758e3B13,32.168423662258616458
12000041,0x99c16D5f932CeCcFAf53143e85Ae18f03256205d,2.062624562234213673
12000041,0x5ade40e345817B739b91c6B4615eFCE87F9D7c57,1E-18
12000041,0x6AF235d2Bbe050e6291615B71CA5829658810142,723.088743539114591116
12000041,0x97960149fc611508748dE01202974d372a677632,4609.758222653715129904
12000041,0xe1E2a52a21226ba37f28ba6Cdf59F20156798F94,89.715319197544532118
12000041,0xdD4Bc51496dc93A0c47008E820e0d80745476f22,0.061009585128111887
12000041,0xBA3d14a79340CB1EAC61f8ddD0A56F4624Db0e0D,23.451803214355038479
12000041,0xa9BEFffe0061866E240CBBED7E2572C48941b2Db,1.007305872051997542
12000041,0x4E475640967781Afc29d3C8aAFAe4FFC041710B7,69.364836863881519891
12000042,0x275B2eDbC7C4413dbECFf9Ef37ba9214758e3B13,32.168423662258616458
12000042,0x99c16D5f932CeCcFAf53143e85Ae18f03256205d,2.062624562234213673
12000042,0x5ade40e345817B739b91c6B4615eFCE87F9D7c57,1E-18
12000042,0x6AF235d2Bbe050e6291615B71CA5829658810142,723.088743539114591116
12000042,0x97960149fc611508748dE01202974d372a677632,4609.758222653715129904
12000042,0xe1E2a52a21226ba37f28ba6Cdf59F20156798F94,89.715319197544532118
12000042,0xdD4Bc51496dc93A0c47008E820e0d80745476f22,0.061009585128111887
12000042,0x9b0c19000a8631c1f555bb365bDE308384E4f2Ff,10.310997970908905986
12000042,0xBA3d14a79340CB1EAC61f8ddD0A56F4624Db0e0D,23.451803214355038479
12000042,0xa9BEFffe0061866E240CBBED7E2572C48941b2Db,1.007305872051997542
12000042,0x4E475640967781Afc29d3C8aAFAe4FFC041710B7,69.364836863881519891
12000043,0x275B2eDbC7C4413dbECFf9Ef37ba9214758e3B13,32.168423662258616458
12000043,0x99c16D5f932CeCcFAf53143e85Ae18f03256205d,2.062624562234213673
12000043,0x5ade40e345817B739b91c6B4615eFCE87F9D7c57,1E-18
12000043,0x6AF235d2Bbe050e6291615B71CA5829658810142,723.088743539114591116
12000043,0x97960149fc611508748dE01202974d372a677632,4609.758222653715129904
12000043,0xe1E2a52a21226ba37f28ba6Cdf59F20156798F94,89.715319197544532118
12000043,0xdD4Bc51496dc93A0c47008E820e0d80745476f22,0.061009585128111887
12000043,0x9b0c19000a8631c1f555bb365bDE308384E4f2Ff,10.310997970908905986
12000043,0xBA3d14a79340CB1EAC61f8ddD0A56F4624Db0e0D,23.451803214355038479
12000043,0xa9BEFffe0061866E240CBBED7E2572C48941b2Db,1.007305872051997542
12000043,0x4E475640967781Afc29d3C8aAFAe4FFC041710B7,69.364836863881519891
12000044,0x275B2eDbC7C4413dbECFf9Ef37ba9214758e3B13,32.168423662258616458
12000044,0x99c16D5f932CeCcFAf53143e85Ae18f03256205d,2.062624562234213673
12000044,0x5ade40e345817B739b91c6B4615eFCE87F9D7c57,1E-18
12000044,0x6AF235d2Bbe050e6291615B71CA5829658810142,723.088743539114591116
12000044,0x97960149fc611508748dE01202974d372a677632,4609.758222653715129904
12000044,0xe1E2a52a21226ba37f28ba6Cdf59F20156798F94,89.715319197544532118
12000044,0xdD4Bc51496dc93A0c47008E820e0d80745476f22,0.061009585128111887
12000044,0x9b0c19000a8631c1f555bb365bDE308384E4f2Ff,10.310997970908905986
12000044,0xBA3d14a79340CB1EAC61f8ddD0A56F4624Db0e0D,23.451803214355038479
12000044,0xeEf78134664602E37c37d438a49b82f531704e8b,0.099999999999999999
12000044,0xa9BEFffe0061866E240CBBED7E2572C48941b2Db,1.007305872051997542
12000044,0x4E475640967781Afc29d3C8aAFAe4FFC041710B7,69.364836863881519891
12000045,0x275B2eDbC7C4413dbECFf9Ef37ba9214758e3B13,32.168423662258616458
12000045,0x99c16D5f932CeCcFAf53143e85Ae18f03256205d,2.062624562234213673
12000045,0x5ade40e345817B739b91c6B4615eFCE87F9D7c57,1E-18
12000045,0x6AF235d2Bbe050e6291615B71CA5829658810142,723.088743539114591116
12000045,0x97960149fc611508748dE01202974d372a677632,4609.758222653715129904
12000045,0xe1E2a52a21226ba37f28ba6Cdf59F20156798F94,89.715319197544532118
12000045,0xdD4Bc51496dc93A0c47008E820e0d80745476f22,0.061009585128111887
12000045,0x9b0c19000a8631c1f555bb365bDE308384E4f2Ff,10.310997970908905986
12000045,0xBA3d14a79340CB1EAC61f8ddD0A56F4624Db0e0D,23.451803214355038479
12000045,0xeEf78134664602E37c37d438a49b82f531704e8b,0.099999999999999999
12000045,0xa9BEFffe0061866E240CBBED7E2572C48941b2Db,1.007305872051997542
12000045,0x4E475640967781Afc29d3C8aAFAe4FFC041710B7,69.364836863881519891
12000046,0x275B2eDbC7C4413dbECFf9Ef37ba9214758e3B13,32.168423662258616458
12000046,0x99c16D5f932CeCcFAf53143e85Ae18f03256205d,2.062624562234213673
12000046,0x5ade40e345817B739b91c6B4615eFCE87F9D7c57,1E-18
12000046,0x6AF235d2Bbe050e6291615B71CA5829658810142,723.088743539114591116
12000046,0x97960149fc611508748dE01202974d372a677632,4609.758222653715129904
12000046,0xe1E2a52a21226ba37f28ba6Cdf59F20156798F94,89.715319197544532118
12000046,0xdD4Bc51496dc93A0c47008E820e0d80745476f22,0.061009585128111887
12000046,0x9b0c19000a8631c1f555bb365bDE308384E4f2Ff,10.310997970908905986
12000046,0xBA3d14a79340CB1EAC61f8ddD0A56F4624Db0e0D,23.451803214355038479
12000046,0xeEf78134664602E37c37d438a49b82f531704e8b,0.099999999999999999
12000046,0xa9BEFffe0061866E240CBBED7E2572C48941b2Db,1.007305872051997542
12000046,0x4E475640967781Afc29d3C8aAFAe4FFC041710B7,69.364836863881519891
12000047,0x275B2eDbC7C4413dbECFf9Ef37ba9214758e3B13,32.168423662258616458
12000047,0x99c16D5f932CeCcFAf53143e85Ae18f03256205d,2.062624562234213673
12000047,0x5ade40e345817B739b91c6B4615eFCE87F9D7c57,1E-18
12000047,0x6AF235d2Bbe050e6291615B71CA5829658810142,723.088743539114591116
12000047,0x97960149fc611508748dE01202974d372a677632,4609.758222653715129904
12000047,0xe1E2a52a21226ba37f28ba6Cdf59F20156798F94,89.715319197544532118
12000047,0xdD4Bc51496dc93A0c47008E820e0d80745476f22,0.061009585128111887
12000047,0x9b0c19000a8631c1f555bb365bDE308384E4f2Ff,10.310997970908905986
12000047,0xBA3d14a79340CB1EAC61f8ddD0A56F4624Db0e0D,23.451803214355038479
12000047,0xeEf78134664602E37c37d438a49b82f531704e8b,0.099999999999999999
12000047,0xa9BEFffe0061866E240CBBED7E2572C48941b2Db,1.007305872051997542
12000047,0x4E475640967781Afc29d3C8aAFAe4FFC041710B7,69.364836863881519891
12000048,0x275B2eDbC7C4413dbECFf9Ef37ba9214758e3B13,32.168423662258616458
12000048,0x99c16D5f932CeCcFAf53143e85Ae18f03256205d,0.062624562234213674
12000048,0x5ade40e345817B739b91c6B4615eFCE87F9D7c57,1E-18
12000048,0x6AF235d2Bbe050e6291615B71CA5829658810142,723.088743539114591116
12000048,0x97960149fc611508748dE01202974d372a677632,4609.758222653715129904
12000048,0xe1E2a52a21226ba37f28ba6Cdf59F20156798F94,89.715319197544532118
12000048,0xdD4Bc51496dc93A0c47008E820e0d80745476f22,0.061009585128111887
12000048,0x9b0c19000a8631c1f555bb365bDE308384E4f2Ff,10.310997970908905986
12000048,0xBA3d14a79340CB1EAC61f8ddD0A56F4624Db0e0D,23.451803214355038479
12000048,0xeEf78134664602E37c37d438a49b82f531704e8b,0.099999999999999999
12000048,0xa9BEFffe0061866E240CBBED7E2572C48941b2Db,1.007305872051997542
12000048,0x4E475640967781Afc29d3C8aAFAe4FFC041710B7,69.364836863881519891
12000049,0x275B2eDbC7C4413dbECFf9Ef37ba9214758e3B13,32.168423662258616458
12000049,0x99c16D5f932CeCcFAf53143e85Ae18f03256205d,0.062624562234213674
12000049,0x5ade40e345817B739b91c6B4615eFCE87F9D7c57,1E-18
12000049,0x6AF235d2Bbe050e6291615B71CA5829658810142,723.088743539114591116
12000049,0x97960149fc611508748dE01202974d372a677632,4609.758222653715129904
12000049,0xe1E2a52a21226ba37f28ba6Cdf59F20156798F94,89.715319197544532118
12000049,0xdD4Bc51496dc93A0c47008E820e0d80745476f22,0.061009585128111887
12000049,0x9b0c19000a8631c1f555bb365bDE308384E4f2Ff,10.310997970908905986
12000049,0xBA3d14a79340CB1EAC61f8ddD0A56F4624Db0e0D,23.451803214355038479
12000049,0xeEf78134664602E37c37d438a49b82f531704e8b,0.099999999999999999
12000049,0xa9BEFffe0061866E240CBBED7E2572C48941b2Db,1.007305872051997542
12000049,0x4E475640967781Afc29d3C8aAFAe4FFC041710B7,69.364836863881519891
12000050,0x275B2eDbC7C4413dbECFf9Ef37ba9214758e3B13,32.168423662258616458
12000050,0x99c16D5f932CeCcFAf53143e85Ae18f03256205d,0.062624562234213674
12000050,0x5ade40e345817B739b91c6B4615eFCE87F9D7c57,1E-18
12000050,0xdD01596074fa8e2A2f84D10D89090aE4543EA20b,30.931624597813722145
12000050,0x6AF235d2Bbe050e6291615B71CA5829658810142,723.088743539114591116
12000050,0x97960149fc611508748dE01202974d372a677632,4609.758222653715129904
12000050,0xe1E2a52a21226ba37f28ba6Cdf59F20156798F94,0.015319197544532119
12000050,0xdD4Bc51496dc93A0c47008E820e0d80745476f22,0.061009585128111887
12000050,0x9b0c19000a8631c1f555bb365bDE308384E4f2Ff,10.310997970908905986
12000050,0xBA3d14a79340CB1EAC61f8ddD0A56F4624Db0e0D,23.451803214355038479
12000050,0xeEf78134664602E37c37d438a49b82f531704e8b,0.099999999999999999
12000050,0xa9BEFffe0061866E240CBBED7E2572C48941b2Db,1.007305872051997542
12000050,0x4E475640967781Afc29d3C8aAFAe4FFC041710B7,69.364836863881519891
12000051,0x275B2eDbC7C4413dbECFf9Ef37ba9214758e3B13,32.168423662258616458
12000051,0x99c16D5f932CeCcFAf53143e85Ae18f03256205d,0.062624562234213674
12000051,0x5ade40e345817B739b91c6B4615eFCE87F9D7c57,1E-18
12000051,0xdD01596074fa8e2A2f84D10D89090aE4543EA20b,30.931624597813722145
12000051,0x6AF235d2Bbe050e6291615B71CA5829658810142,723.088743539114591116
12000051,0x97960149fc611508748dE01202974d372a677632,4609.758222653715129904
12000051,0xe1E2a52a21226ba37f28ba6Cdf59F20156798F94,0.015319197544532119
12000051,0xdD4Bc51496dc93A0c47008E820e0d80745476f22,0.061009585128111887
12000051,0x9b0c19000a8631c1f555bb365bDE308384E4f2Ff,10.310997970908905986
12000051,0xBA3d14a79340CB1EAC61f8ddD0A56F4624Db0e0D,23.451803214355038479
12000051,0xeEf78134664602E37c37d438a49b82f531704e8b,0.099999999999999999
12000051,0xa9BEFffe0061866E240CBBED7E2572C48941b2Db,1.007305872051997542
12000051,0x4E475640967781Afc29d3C8aAFAe4FFC041710B7,69.364836863881519891
12000052,0x275B2eDbC7C4413dbECFf9Ef37ba9214758e3B13,7.168423662258616458
12000052,0x99c16D5f932CeCcFAf53143e85Ae18f03256205d,0.062624562234213674
12000052,0x5ade40e345817B739b91c6B4615eFCE87F9D7c57,1E-18
12000052,0xdD01596074fa8e2A2f84D10D89090aE4543EA20b,30.931624597813722145
12000052,0x6AF235d2Bbe050e6291615B71CA5829658810142,723.088743539114591116
12000052,0x97960149fc611508748dE01202974d372a677632,4609.758222653715129904
12000052,0xe1E2a52a21226ba37f28ba6Cdf59F20156798F94,0.015319197544532119
12000052,0xdD4Bc51496dc93A0c47008E820e0d80745476f22,0.061009585128111887
12000052,0x9b0c19000a8631c1f555bb365bDE308384E4f2Ff,10.310997970908905986
12000052,0xBA3d14a79340CB1EAC61f8ddD0A56F4624Db0e0D,23.451803214355038479
12000052,0xeEf78134664602E37c37d438a49b82f531704e8b,0.099999999999999999
12000052,0xa9BEFffe0061866E240CBBED7E2572C48941b2Db,1.007305872051997542
12000052,0x4E475640967781Afc29d3C8aAFAe4FFC041710B7,69.364836863881519891
12000053,0x275B2eDbC7C4413dbECFf9Ef37ba9214758e3B13,7.168423662258616458
12000053,0x99c16D5f932CeCcFAf53143e85Ae18f03256205d,0.062624562234213674
12000053,0x5ade40e345817B739b91c6B4615eFCE87F9D7c57,1E-18
12000053,0xdD01596074fa8e2A2f84D10D89090aE4543EA20b,30.931624597813722145
12000053,0x6AF235d2Bbe050e6291615B71CA5829658810142,723.088743539114591116
12000053,0x97960149fc611508748dE01202974d372a677632,4609.758222653715129904
12000053,0xe1E2a52a21226ba37f28ba6Cdf59F20156798F94,0.015319197544532119
12000053,0xdD4Bc51496dc93A0c47008E820e0d80745476f22,0.061009585128111887
12000053,0x9b0c19000a8631c1f555bb365bDE308384E4f2Ff,10.310997970908905986
12000053,0xBA3d14a79340CB1EAC61f8ddD0A56F4624Db0e0D,23.451803214355038479
12000053,0xeEf78134664602E37c37d438a49b82f531704e8b,0.099999999999999999
12000053,0xa9BEFffe0061866E240CBBED7E2572C48941b2Db,1.007305872051997542
12000053,0x4E475640967781Afc29d3C8aAFAe4FFC041710B7,69.364836863881519891
12000054,0x275B2eDbC7C4413dbECFf9Ef37ba9214758e3B13,7.168423662258616458
12000054,0x99c16D5f932CeCcFAf53143e85Ae18f03256205d,0.062624562234213674
12000054,0x5ade40e345817B739b91c6B4615eFCE87F9D7c57,1E-18
12000054,0xdD01596074fa8e2A2f84D10D89090aE4543EA20b,30.931624597813722145
12000054,0x6AF235d2Bbe050e6291615B71CA5829658810142,723.088743539114591116
12000054,0x97960149fc611508748dE01202974d372a677632,4609.758222653715129904
12000054,0xe1E2a52a21226ba37f28ba6Cdf59F20156798F94,0.015319197544532119
12000054,0xdD4Bc51496dc93A0c47008E820e0d80745476f22,0.061009585128111887
12000054,0x9b0c19000a8631c1f555bb365bDE308384E4f2Ff,10.310997970908905986
12000054,0xBA3d14a79340CB1EAC61f8ddD0A56F4624Db0e0D,23.451803214355038479
12000054,0xeEf78134664602E37c37d438a49b82f531704e8b,0.099999999999999999
12000054,0xa9BEFffe0061866E240CBBED7E2572C48941b2Db,1.007305872051997542
12000054,0x4E475640967781Afc29d3C8aAFAe4FFC041710B7,69.364836863881519891
12000055,0x275B2eDbC7C4413dbECFf9Ef37ba9214758e3B13,7.168423662258616458
12000055,0x99c16D5f932CeCcFAf53143e85Ae18f03256205d,0.062624562234213674
12000055,0x5ade40e345817B739b91c6B4615eFCE87F9D7c57,1E-18
12000055,0xdD01596074fa8e2A2f84D10D89090aE4543EA20b,30.931624597813722145
12000055,0x6AF235d2Bbe050e6291615B71CA5829658810142,723.088743539114591116
12000055,0x97960149fc611508748dE01202974d372a677632,4609.758222653715129904
12000055,0xe1E2a52a21226ba37f28ba6Cdf59F20156798F94,0.015319197544532119
12000055,0xdD4Bc51496dc93A0c47008E820e0d80745476f22,0.061009585128111887
12000055,0x9b0c19000a8631c1f555bb365bDE308384E4f2Ff,10.310997970908905986
12000055,0xBA3d14a79340CB1EAC61f8ddD0A56F4624Db0e0D,23.451803214355038479
12000055,0xeEf78134664602E37c37d438a49b82f531704e8b,0.099999999999999999
12000055,0xa9BEFffe0061866E240CBBED7E2572C48941b2Db,1.007305872051997542
12000055,0x4E475640967781Afc29d3C8aAFAe4FFC041710B7,69.364836863881519891
12000056,0x275B2eDbC7C4413dbECFf9Ef37ba9214758e3B13,7.168423662258616458
12000056,0x99c16D5f932CeCcFAf53143e85Ae18f03256205d,0.062624562234213674
12000056,0x5ade40e345817B739b91c6B4615eFCE87F9D7c57,1E-18
12000056,0xdD01596074fa8e2A2f84D10D89090aE4543EA20b,30.931624597813722145
12000056,0x6AF235d2Bbe050e6291615B71CA5829658810142,723.088743539114591116
12000056,0x97960149fc611508748dE01202974d372a677632,4609.758222653715129904
12000056,0xe1E2a52a21226ba37f28ba6Cdf59F20156798F94,0.015319197544532119
12000056,0xdD4Bc51496dc93A0c47008E820e0d80745476f22,0.061009585128111887
12000056,0x9b0c19000a8631c1f555bb365bDE308384E4f2Ff,10.310997970908905986
12000056,0xBA3d14a79340CB1EAC61f8ddD0A56F4624Db0e0D,23.451803214355038479
12000056,0xeEf78134664602E37c37d438a49b82f531704e8b,0.099999999999999999
12000056,0xa9BEFffe0061866E240CBBED7E2572C48941b2Db,1.007305872051997542
12000056,0x4E475640967781Afc29d3C8aAFAe4FFC041710B7,69.364836863881519891
12000057,0x275B2eDbC7C4413dbECFf9Ef37ba9214758e3B13,7.168423662258616458
12000057,0x99c16D5f932CeCcFAf53143e85Ae18f03256205d,0.062624562234213674
12000057,0x5ade40e345817B739b91c6B4615eFCE87F9D7c57,1E-18
12000057,0xdD01596074fa8e2A2f84D10D89090aE4543EA20b,30.931624597813722145
12000057,0x6AF235d2Bbe050e6291615B71CA5829658810142,723.088743539114591116
12000057,0x97960149fc611508748dE01202974d372a677632,4609.758222653715129904
12000057,0xe1E2a52a21226ba37f28ba6Cdf59F20156798F94,0.015319197544532119
12000057,0xdD4Bc51496dc93A0c47008E820e0d80745476f22,0.061009585128111887
12000057,0x9b0c19000a8631c1f555bb365bDE308384E4f2Ff,10.310997970908905986
12000057,0xBA3d14a79340CB1EAC61f8ddD0A56F4624Db0e0D,23.451803214355038479
12000057,0xeEf78134664602E37c37d438a49b82f531704e8b,0.099999999999999999
12000057,0xa9BEFffe0061866E240CBBED7E2572C48941b2Db,1.007305872051997542
12000057,0x4E475640967781Afc29d3C8aAFAe4FFC041710B7,69.364836863881519891
12000058,0x275B2eDbC7C4413dbECFf9Ef37ba9214758e3B13,7.168423662258616458
12000058,0x99c16D5f932CeCcFAf53143e85Ae18f03256205d,0.062624562234213674
12000058,0x5ade40e345817B739b91c6B4615eFCE87F9D7c57,1E-18
12000058,0xdD01596074fa8e2A2f84D10D89090aE4543EA20b,30.931624597813722145
12000058,0x6AF235d2Bbe050e6291615B71CA5829658810142,723.088743539114591116
12000058,0x97960149fc611508748dE01202974d372a677632,4609.758222653715129904
12000058,0xe1E2a52a21226ba37f28ba6Cdf59F20156798F94,0.015319197544532119
12000058,0xdD4Bc51496dc93A0c47008E820e0d80745476f22,0.061009585128111887
12000058,0x9b0c19000a8631c1f555bb365bDE308384E4f2Ff,10.310997970908905986
12000058,0xBA3d14a79340CB1EAC61f8ddD0A56F4624Db0e0D,23.451803214355038479
12000058,0xeEf78134664602E37c37d438a49b82f531704e8b,0.099999999999999999
12000058,0xa9BEFffe0061866E240CBBED7E2572C48941b2Db,1.007305872051997542
12000058,0x4E475640967781Afc29d3C8aAFAe4FFC041710B7,69.364836863881519891
12000059,0x275B2eDbC7C4413dbECFf9Ef37ba9214758e3B13,7.168423662258616458
12000059,0x99c16D5f932CeCcFAf53143e85Ae18f03256205d,0.062624562234213674
12000059,0x5ade40e345817B739b91c6B4615eFCE87F9D7c57,1E-18
12000059,0xdD01596074fa8e2A2f84D10D89090aE4543EA20b,30.931624597813722145
12000059,0x6AF235d2Bbe050e6291615B71CA5829658810142,723.088743539114591116
12000059,0x97960149fc611508748dE01202974d372a677632,4609.758222653715129904
12000059,0xe1E2a52a21226ba37f28ba6Cdf59F20156798F94,0.015319197544532119
12000059,0xdD4Bc51496dc93A0c47008E820e0d80745476f22,0.061009585128111887
12000059,0x9b0c19000a8631c1f555bb365bDE308384E4f2Ff,10.310997970908905986
12000059,0xBA3d14a79340CB1EAC61f8ddD0A56F4624Db0e0D,23.451803214355038479
12000059,0xeEf78134664602E37c37d438a49b82f531704e8b,0.099999999999999999
12000059,0xa9BEFffe0061866E240CBBED7E2572C48941b2Db,1.007305872051997542
12000059,0x4E475640967781Afc29d3C8aAFAe4FFC041710B7,69.364836863881519891
12000060,0x275B2eDbC7C4413dbECFf9Ef37ba9214758e3B13,7.168423662258616458
12000060,0x99c16D5f932CeCcFAf53143e85Ae18f03256205d,0.062624562234213674
12000060,0x5ade40e345817B739b91c6B4615eFCE87F9D7c57,1E-18
12000060,0xdD01596074fa8e2A2f84D10D89090aE4543EA20b,0.031624597813722146
12000060,0x6AF235d2Bbe050e6291615B71CA5829658810142,723.088743539114591116
12000060,0x97960149fc611508748dE01202974d372a677632,4609.758222653715129904
12000060,0xe1E2a52a21226ba37f28ba6Cdf59F20156798F94,0.015319197544532119
12000060,0xdD4Bc51496dc93A0c47008E820e0d80745476f22,0.061009585128111887
12000060,0x9b0c19000a8631c1f555bb365bDE308384E4f2Ff,10.310997970908905986
12000060,0xBA3d14a79340CB1EAC61f8ddD0A56F4624Db0e0D,23.451803214355038479
12000060,0xeEf78134664602E37c37d438a49b82f531704e8b,0.099999999999999999
12000060,0xa9BEFffe0061866E240CBBED7E2572C48941b2Db,1.007305872051997542
12000060,0x4E475640967781Afc29d3C8aAFAe4FFC041710B7,69.364836863881519891
12000061,0x275B2eDbC7C4413dbECFf9Ef37ba9214758e3B13,7.168423662258616458
12000061,0x99c16D5f932CeCcFAf53143e85Ae18f03256205d,0.062624562234213674
12000061,0x5ade40e345817B739b91c6B4615eFCE87F9D7c57,1E-18
12000061,0xdD01596074fa8e2A2f84D10D89090aE4543EA20b,0.031624597813722146
12000061,0x6AF235d2Bbe050e6291615B71CA5829658810142,723.088743539114591116
12000061,0x97960149fc611508748dE01202974d372a677632,4609.758222653715129904
12000061,0xe1E2a52a21226ba37f28ba6Cdf59F20156798F94,0.015319197544532119
12000061,0xdD4Bc51496dc93A0c47008E820e0d80745476f22,0.061009585128111887
12000061,0x9b0c19000a8631c1f555bb365bDE308384E4f2Ff,10.310997970908905986
12000061,0xBA3d14a79340CB1EAC61f8ddD0A56F4624Db0e0D,23.451803214355038479
12000061,0xeEf78134664602E37c37d438a49b82f531704e8b,0.099999999999999999
12000061,0xa9BEFffe0061866E240CBBED7E2572C48941b2Db,1.007305872051997542
12000061,0x4E475640967781Afc29d3C8aAFAe4FFC041710B7,0.000836863881519892
12000062,0x275B2eDbC7C4413dbECFf9Ef37ba9214758e3B13,7.168423662258616458
12000062,0x99c16D5f932CeCcFAf53143e85Ae18f03256205d,0.062624562234213674
12000062,0x5ade40e345817B739b91c6B4615eFCE87F9D7c57,1E-18
12000062,0xdD01596074fa8e2A2f84D10D89090aE4543EA20b,0.031624597813722146
12000062,0x6AF235d2Bbe050e6291615B71CA5829658810142,723.088743539114591116
12000062,0x97960149fc611508748dE01202974d372a677632,4609.758222653715129904
12000062,0xe1E2a52a21226ba37f28ba6Cdf59F20156798F94,0.015319197544532119
12000062,0xdD4Bc51496dc93A0c47008E820e0d80745476f22,0.061009585128111887
12000062,0x9b0c19000a8631c1f555bb365bDE308384E4f2Ff,10.310997970908905986
12000062,0xBA3d14a79340CB1EAC61f8ddD0A56F4624Db0e0D,23.451803214355038479
12000062,0xeEf78134664602E37c37d438a49b82f531704e8b,0.099999999999999999
12000062,0xa9BEFffe0061866E240CBBED7E2572C48941b2Db,1.007305872051997542
12000062,0x4E475640967781Afc29d3C8aAFAe4FFC041710B7,0.000836863881519892
12000063,0x275B2eDbC7C4413dbECFf9Ef37ba9214758e3B13,7.168423662258616458
12000063,0x99c16D5f932CeCcFAf53143e85Ae18f03256205d,0.062624562234213674
12000063,0x5ade40e345817B739b91c6B4615eFCE87F9D7c57,1E-18
12000063,0xdD01596074fa8e2A2f84D10D89090aE4543EA20b,0.031624597813722146
12000063,0x6AF235d2Bbe050e6291615B71CA5829658810142,723.088743539114591116
12000063,0x97960149fc611508748dE01202974d372a677632,4609.758222653715129904
12000063,0xe1E2a52a21226ba37f28ba6Cdf59F20156798F94,0.015319197544532119
12000063,0xdD4Bc51496dc93A0c47008E820e0d80745476f22,0.061009585128111887
12000063,0x9b0c19000a8631c1f555bb365bDE308384E4f2Ff,10.310997970908905986
12000063,0xBA3d14a79340CB1EAC61f8ddD0A56F4624Db0e0D,23.451803214355038479
12000063,0xeEf78134664602E37c37d438a49b82f531704e8b,0.099999999999999999
12000063,0xa9BEFffe0061866E240CBBED7E2572C48941b2Db,1.007305872051997542
12000063,0x4E475640967781Afc29d3C8aAFAe4FFC041710B7,0.000836863881519892
12000064,0x275B2eDbC7C4413dbECFf9Ef37ba9214758e3B13,7.168423662258616458
12000064,0x99c16D5f932CeCcFAf53143e85Ae18f03256205d,0.062624562234213674
12000064,0x5ade40e345817B739b91c6B4615eFCE87F9D7c57,1E-18
12000064,0xdD01596074fa8e2A2f84D10D89090aE4543EA20b,0.031624597813722146
12000064,0x6AF235d2Bbe050e6291615B71CA5829658810142,723.088743539114591116
12000064,0x97960149fc611508748dE01202974d372a677632,4609.758222653715129904
12000064,0xe1E2a52a21226ba37f28ba6Cdf59F20156798F94,0.015319197544532119
12000064,0xdD4Bc51496dc93A0c47008E820e0d80745476f22,0.061009585128111887
12000064,0x9b0c19000a8631c1f555bb365bDE308384E4f2Ff,0.010997970908905987
12000064,0xBA3d14a79340CB1EAC61f8ddD0A56F4624Db0e0D,23.451803214355038479
12000064,0xeEf78134664602E37c37d438a49b82f531704e8b,0.099999999999999999
12000064,0xa9BEFffe0061866E240CBBED7E2572C48941b2Db,1.007305872051997542
12000064,0x4E475640967781Afc29d3C8aAFAe4FFC041710B7,0.000836863881519892
12000065,0x275B2eDbC7C4413dbECFf9Ef37ba9214758e3B13,7.168423662258616458
12000065,0x99c16D5f932CeCcFAf53143e85Ae18f03256205d,0.062624562234213674
12000065,0x5ade40e345817B739b91c6B4615eFCE87F9D7c57,1E-18
12000065,0xdD01596074fa8e2A2f84D10D89090aE4543EA20b,0.031624597813722146
12000065,0x6AF235d2Bbe050e6291615B71CA5829658810142,723.088743539114591116
12000065,0x97960149fc611508748dE01202974d372a677632,4609.758222653715129904
12000065,0xe1E2a52a21226ba37f28ba6Cdf59F20156798F94,0.015319197544532119
12000065,0xdD4Bc51496dc93A0c47008E820e0d80745476f22,0.061009585128111887
12000065,0x9b0c19000a8631c1f555bb365bDE308384E4f2Ff,0.010997970908905987
12000065,0xBA3d14a79340CB1EAC61f8ddD0A56F4624Db0e0D,23.451803214355038479
12000065,0xeEf78134664602E37c37d438a49b82f531704e8b,0.099999999999999999
12000065,0xa9BEFffe0061866E240CBBED7E2572C48941b2Db,1.007305872051997542
12000065,0x4E475640967781Afc29d3C8aAFAe4FFC041710B7,0.000836863881519892
12000066,0x275B2eDbC7C4413dbECFf9Ef37ba9214758e3B13,7.168423662258616458
12000066,0x99c16D5f932CeCcFAf53143e85Ae18f03256205d,0.062624562234213674
12000066,0x5ade40e345817B739b91c6B4615eFCE87F9D7c57,1E-18
12000066,0xdD01596074fa8e2A2f84D10D89090aE4543EA20b,0.031624597813722146
12000066,0x6AF235d2Bbe050e6291615B71CA5829658810142,723.088743539114591116
12000066,0x97960149fc611508748dE01202974d372a677632,4609.758222653715129904
12000066,0xe1E2a52a21226ba37f28ba6Cdf59F20156798F94,0.015319197544532119
12000066,0xdD4Bc51496dc93A0c47008E820e0d80745476f22,0.061009585128111887
12000066,0x9b0c19000a8631c1f555bb365bDE308384E4f2Ff,0.010997970908905987
12000066,0xBA3d14a79340CB1EAC61f8ddD0A56F4624Db0e0D,23.451803214355038479
12000066,0xeEf78134664602E37c37d438a49b82f531704e8b,0.099999999999999999
12000066,0xa9BEFffe0061866E240CBBED7E2572C48941b2Db,1.007305872051997542
12000066,0x4E475640967781Afc29d3C8aAFAe4FFC041710B7,0.000836863881519892
12000067,0x275B2eDbC7C4413dbECFf9Ef37ba9214758e3B13,7.168423662258616458
12000067,0x99c16D5f932CeCcFAf53143e85Ae18f03256205d,0.062624562234213674
12000067,0x239F014cFC39bA2217cBE985C5C5357E7E73198A,0.749999999999999999
12000067,0x5ade40e345817B739b91c6B4615eFCE87F9D7c57,1E-18
12000067,0xdD01596074fa8e2A2f84D10D89090aE4543EA20b,0.031624597813722146
12000067,0x6AF235d2Bbe050e6291615B71CA5829658810142,723.088743539114591116
12000067,0x97960149fc611508748dE01202974d372a677632,4609.758222653715129904
12000067,0xe1E2a52a21226ba37f28ba6Cdf59F20156798F94,0.015319197544532119
12000067,0xdD4Bc51496dc93A0c47008E820e0d80745476f22,0.061009585128111887
12000067,0x9b0c19000a8631c1f555bb365bDE308384E4f2Ff,0.010997970908905987
12000067,0xBA3d14a79340CB1EAC61f8ddD0A56F4624Db0e0D,23.451803214355038479
12000067,0xeEf78134664602E37c37d438a49b82f531704e8b,0.099999999999999999
12000067,0xa9BEFffe0061866E240CBBED7E2572C48941b2Db,1.007305872051997542
12000067,0x4E475640967781Afc29d3C8aAFAe4FFC041710B7,0.000836863881519892
12000068,0x275B2eDbC7C4413dbECFf9Ef37ba9214758e3B13,7.168423662258616458
12000068,0x99c16D5f932CeCcFAf53143e85Ae18f03256205d,0.062624562234213674
12000068,0x239F014cFC39bA2217cBE985C5C5357E7E73198A,0.749999999999999999
12000068,0x5ade40e345817B739b91c6B4615eFCE87F9D7c57,1E-18
12000068,0xdD01596074fa8e2A2f84D10D89090aE4543EA20b,0.031624597813722146
12000068,0x6AF235d2Bbe050e6291615B71CA5829658810142,723.088743539114591116
12000068,0x97960149fc611508748dE01202974d372a677632,4609.758222653715129904
12000068,0xe1E2a52a21226ba37f28ba6Cdf59F20156798F94,0.015319197544532119
12000068,0xdD4Bc51496dc93A0c47008E820e0d80745476f22,0.061009585128111887
12000068,0x9b0c19000a8631c1f555bb365bDE308384E4f2Ff,0.010997970908905987
12000068,0xBA3d14a79340CB1EAC61f8ddD0A56F4624Db0e0D,23.451803214355038479
12000068,0xeEf78134664602E37c37d438a49b82f531704e8b,0.099999999999999999
12000068,0xa9BEFffe0061866E240CBBED7E2572C48941b2Db,1.007305872051997542
12000068,0x4E475640967781Afc29d3C8aAFAe4FFC041710B7,0.000836863881519892
12000069,0x275B2eDbC7C4413dbECFf9Ef37ba9214758e3B13,7.168423662258616458
12000069,0x99c16D5f932CeCcFAf53143e85Ae18f03256205d,0.062624562234213674
12000069,0x239F014cFC39bA2217cBE985C5C5357E7E73198A,0.749999999999999999
12000069,0x5ade40e345817B739b91c6B4615eFCE87F9D7c57,1E-18
12000069,0xdD01596074fa8e2A2f84D10D89090aE4543EA20b,0.031624597813722146
12000069,0x6AF235d2Bbe050e6291615B71CA5829658810142,723.088743539114591116
12000069,0x97960149fc611508748dE01202974d372a677632,4609.758222653715129904
12000069,0xe1E2a52a21226ba37f28ba6Cdf59F20156798F94,0.015319197544532119
12000069,0xdD4Bc51496dc93A0c47008E820e0d80745476f22,0.061009585128111887
12000069,0x9b0c19000a8631c1f555bb365bDE308384E4f2Ff,0.010997970908905987
12000069,0xBA3d14a79340CB1EAC61f8ddD0A56F4624Db0e0D,23.451803214355038479
12000069,0xeEf78134664602E37c37d438a49b82f531704e8b,0.099999999999999999
12000069,0xa9BEFffe0061866E240CBBED7E2572C48941b2Db,1.007305872051997542
12000069,0x4E475640967781Afc29d3C8aAFAe4FFC041710B7,0.000836863881519892
12000070,0x275B2eDbC7C4413dbECFf9Ef37ba9214758e3B13,7.168423662258616458
12000070,0x99c16D5f932CeCcFAf53143e85Ae18f03256205d,0.062624562234213674
12000070,0x239F014cFC39bA2217cBE985C5C5357E7E73198A,0.749999999999999999
12000070,0x5ade40e345817B739b91c6B4615eFCE87F9D7c57,1E-18
12000070,0xdD01596074fa8e2A2f84D10D89090aE4543EA20b,0.031624597813722146
12000070,0x6AF235d2Bbe050e6291615B71CA5829658810142,723.088743539114591116
12000070,0x97960149fc611508748dE01202974d372a677632,4609.758222653715129904
12000070,0xe1E2a52a21226ba37f28ba6Cdf59F20156798F94,0.015319197544532119
12000070,0xdD4Bc51496dc93A0c47008E820e0d80745476f22,0.061009585128111887
12000070,0x9b0c19000a8631c1f555bb365bDE308384E4f2Ff,0.010997970908905987
12000070,0xBA3d14a79340CB1EAC61f8ddD0A56F4624Db0e0D,23.451803214355038479
12000070,0xeEf78134664602E37c37d438a49b82f531704e8b,0.099999999999999999
12000070,0xa9BEFffe0061866E240CBBED7E2572C48941b2Db,1.007305872051997542
12000070,0x4E475640967781Afc29d3C8aAFAe4FFC041710B7,0.000836863881519892
12000071,0x275B2eDbC7C4413dbECFf9Ef37ba9214758e3B13,7.168423662258616458
12000071,0x99c16D5f932CeCcFAf53143e85Ae18f03256205d,0.062624562234213674
12000071,0x239F014cFC39bA2217cBE985C5C5357E7E73198A,0.749999999999999999
12000071,0x5ade40e345817B739b91c6B4615eFCE87F9D7c57,1E-18
12000071,0xdD01596074fa8e2A2f84D10D89090aE4543EA20b,0.031624597813722146
12000071,0x6AF235d2Bbe050e6291615B71CA5829658810142,723.088743539114591116
12000071,0x97960149fc611508748dE01202974d372a677632,4609.758222653715129904
12000071,0xe1E2a52a21226ba37f28ba6Cdf59F20156798F94,0.015319197544532119
12000071,0xdD4Bc51496dc93A0c47008E820e0d80745476f22,0.061009585128111887
12000071,0x9b0c19000a8631c1f555bb365bDE308384E4f2Ff,0.010997970908905987
12000071,0xBA3d14a79340CB1EAC61f8ddD0A56F4624Db0e0D,23.451803214355038479
12000071,0xeEf78134664602E37c37d438a49b82f531704e8b,0.099999999999999999
12000071,0xa9BEFffe0061866E240CBBED7E2572C48941b2Db,1.007305872051997542
12000071,0x4E475640967781Afc29d3C8aAFAe4FFC041710B7,0.000836863881519892
12000072,0x275B2eDbC7C4413dbECFf9Ef37ba9214758e3B13,7.168423662258616458
12000072,0x99c16D5f932CeCcFAf53143e85Ae18f03256205d,0.062624562234213674
12000072,0x239F014cFC39bA2217cBE985C5C5357E7E73198A,0.749999999999999999
12000072,0x5ade40e345817B739b91c6B4615eFCE87F9D7c57,1E-18
12000072,0xdD01596074fa8e2A2f84D10D89090aE4543EA20b,0.031624597813722146
12000072,0x6AF235d2Bbe050e6291615B71CA5829658810142,723.088743539114591116
12000072,0x97960149fc611508748dE01202974d372a677632,4609.758222653715129904
12000072,0xe1E2a52a21226ba37f28ba6Cdf59F20156798F94,0.015319197544532119
12000072,0xdD4Bc51496dc93A0c47008E820e0d80745476f22,0.061009585128111887
12000072,0x9b0c19000a8631c1f555bb365bDE308384E4f2Ff,0.010997970908905987
12000072,0x9997F27FcF2d463196EE6b2E3b7596D48d8e7C5E,0.199999999999999999
12000072,0xBA3d14a79340CB1EAC61f8ddD0A56F4624Db0e0D,23.451803214355038479
12000072,0xeEf78134664602E37c37d438a49b82f531704e8b,0.099999999999999999
12000072,0xa9BEFffe0061866E240CBBED7E2572C48941b2Db,1.007305872051997542
12000072,0x4E475640967781Afc29d3C8aAFAe4FFC041710B7,0.000836863881519892
12000073,0x275B2eDbC7C4413dbECFf9Ef37ba9214758e3B13,7.168423662258616458
12000073,0x99c16D5f932CeCcFAf53143e85Ae18f03256205d,0.062624562234213674
12000073,0x239F014cFC39bA2217cBE985C5C5357E7E73198A,0.749999999999999999
12000073,0x5ade40e345817B739b91c6B4615eFCE87F9D7c57,1E-18
12000073,0xdD01596074fa8e2A2f84D10D89090aE4543EA20b,0.031624597813722146
12000073,0x6AF235d2Bbe050e6291615B71CA5829658810142,723.088743539114591116
12000073,0x97960149fc611508748dE01202974d372a677632,4609.758222653715129904
12000073,0xe1E2a52a21226ba37f28ba6Cdf59F20156798F94,0.015319197544532119
12000073,0xdD4Bc51496dc93A0c47008E820e0d80745476f22,0.061009585128111887
12000073,0x9b0c19000a8631c1f555bb365bDE308384E4f2Ff,0.010997970908905987
12000073,0x9997F27FcF2d463196EE6b2E3b7596D48d8e7C5E,0.199999999999999999
12000073,0xBA3d14a79340CB1EAC61f8ddD0A56F4624Db0e0D,23.451803214355038479
12000073,0xeEf78134664602E37c37d438a49b82f531704e8b,0.099999999999999999
12000073,0xa9BEFffe0061866E240CBBED7E2572C48941b2Db,1.007305872051997542
12000073,0x4E475640967781Afc29d3C8aAFAe4FFC041710B7,0.000836863881519892
12000074,0x275B2eDbC7C4413dbECFf9Ef37ba9214758e3B13,7.168423662258616458
12000074,0x99c16D5f932CeCcFAf53143e85Ae18f03256205d,0.062624562234213674
12000074,0x239F014cFC39bA2217cBE985C5C5357E7E73198A,0.749999999999999999
12000074,0x5ade40e345817B739b91c6B4615eFCE87F9D7c57,1E-18
12000074,0xdD01596074fa8e2A2f84D10D89090aE4543EA20b,0.031624597813722146
12000074,0x6AF235d2Bbe050e6291615B71CA5829658810142,723.088743539114591116
12000074,0x97960149fc611508748dE01202974d372a677632,4609.758222653715129904
12000074,0xe1E2a52a21226ba37f28ba6Cdf59F20156798F94,0.015319197544532119
12000074,0xdD4Bc51496dc93A0c47008E820e0d80745476f22,0.061009585128111887
12000074,0x9b0c19000a8631c1f555bb365bDE308384E4f2Ff,0.010997970908905987
12000074,0x9997F27FcF2d463196EE6b2E3b7596D48d8e7C5E,0.199999999999999999
12000074,0xBA3d14a79340CB1EAC61f8ddD0A56F4624Db0e0D,23.451803214355038479
12000074,0xeEf78134664602E37c37d438a49b82f531704e8b,0.099999999999999999
12000074,0xa9BEFffe0061866E240CBBED7E2572C48941b2Db,1.007305872051997542
12000074,0x4E475640967781Afc29d3C8aAFAe4FFC041710B7,0.000836863881519892
12000075,0x275B2eDbC7C4413dbECFf9Ef37ba9214758e3B13,7.168423662258616458
12000075,0x99c16D5f932CeCcFAf53143e85Ae18f03256205d,0.062624562234213674
12000075,0x239F014cFC39bA2217cBE985C5C5357E7E73198A,0.749999999999999999
12000075,0x5ade40e345817B739b91c6B4615eFCE87F9D7c57,1E-18
12000075,0xdD01596074fa8e2A2f84D10D89090aE4543EA20b,0.031624597813722146
12000075,0x6AF235d2Bbe050e6291615B71CA5829658810142,723.088743539114591116
12000075,0x97960149fc611508748dE01202974d372a677632,4609.758222653715129904
12000075,0xe1E2a52a21226ba37f28ba6Cdf59F20156798F94,0.015319197544532119
12000075,0xdD4Bc51496dc93A0c47008E820e0d80745476f22,0.061009585128111887
12000075,0x9b0c19000a8631c1f555bb365bDE308384E4f2Ff,0.010997970908905987
12000075,0x9997F27FcF2d463196EE6b2E3b7596D48d8e7C5E,0.199999999999999999
12000075,0xBA3d14a79340CB1EAC61f8ddD0A56F4624Db0e0D,23.451803214355038479
12000075,0xeEf78134664602E37c37d438a49b82f531704e8b,0.099999999999999999
12000075,0xa9BEFffe0061866E240CBBED7E2572C48941b2Db,1.007305872051997542
12000075,0x4E475640967781Afc29d3C8aAFAe4FFC041710B7,0.000836863881519892
12000076,0x275B2eDbC7C4413dbECFf9Ef37ba9214758e3B13,7.168423662258616458
12000076,0x99c16D5f932CeCcFAf53143e85Ae18f03256205d,0.062624562234213674
12000076,0x239F014cFC39bA2217cBE985C5C5357E7E73198A,0.749999999999999999
12000076,0x5ade40e345817B739b91c6B4615eFCE87F9D7c57,1E-18
12000076,0xdD01596074fa8e2A2f84D10D89090aE4543EA20b,0.031624597813722146
12000076,0x6AF235d2Bbe050e6291615B71CA5829658810142,723.088743539114591116
12000076,0x97960149fc611508748dE01202974d372a677632,4609.758222653715129904
12000076,0xe1E2a52a21226ba37f28ba6Cdf59F20156798F94,0.015319197544532119
12000076,0xdD4Bc51496dc93A0c47008E820e0d80745476f22,0.061009585128111887
12000076,0x9b0c19000a8631c1f555bb365bDE308384E4f2Ff,0.010997970908905987
12000076,0x9997F27FcF2d463196EE6b2E3b7596D48d8e7C5E,0.199999999999999999
12000076,0xBA3d14a79340CB1EAC61f8ddD0A56F4624Db0e0D,23.451803214355038479
12000076,0xeEf78134664602E37c37d438a49b82f531704e8b,0.099999999999999999
12000076,0xa9BEFffe0061866E240CBBED7E2572C48941b2Db,1.007305872051997542
12000076,0x4E475640967781Afc29d3C8aAFAe4FFC041710B7,0.000836863881519892
12000077,0x275B2eDbC7C4413dbECFf9Ef37ba9214758e3B13,7.168423662258616458
12000077,0x99c16D5f932CeCcFAf53143e85Ae18f03256205d,0.062624562234213674
12000077,0x239F014cFC39bA2217cBE985C5C5357E7E73198A,0.749999999999999999
12000077,0x5ade40e345817B739b91c6B4615eFCE87F9D7c57,1E-18
12000077,0xdD01596074fa8e2A2f84D10D89090aE4543EA20b,0.031624597813722146
12000077,0x6AF235d2Bbe050e6291615B71CA5829658810142,723.088743539114591116
12000077,0x97960149fc611508748dE01202974d372a677632,4609.758222653715129904
12000077,0xe1E2a52a21226ba37f28ba6Cdf59F20156798F94,0.015319197544532119
12000077,0xdD4Bc51496dc93A0c47008E820e0d80745476f22,0.061009585128111887
12000077,0x9b0c19000a8631c1f555bb365bDE308384E4f2Ff,0.010997970908905987
12000077,0x9997F27FcF2d463196EE6b2E3b7596D48d8e7C5E,0.199999999999999999
12000077,0xBA3d14a79340CB1EAC61f8ddD0A56F4624Db0e0D,2.1435503848E-7
12000077,0xeEf78134664602E37c37d438a49b82f531704e8b,0.099999999999999999
12000077,0xa9BEFffe0061866E240CBBED7E2572C48941b2Db,1.007305872051997542
12000077,0x4E475640967781Afc29d3C8aAFAe4FFC041710B7,0.000836863881519892
12000078,0x275B2eDbC7C4413dbECFf9Ef37ba9214758e3B13,7.168423662258616458
12000078,0x99c16D5f932CeCcFAf53143e85Ae18f03256205d,0.062624562234213674
12000078,0x239F014cFC39bA2217cBE985C5C5357E7E73198A,0.749999999999999999
12000078,0x5ade40e345817B739b91c6B4615eFCE87F9D7c57,101.60833677542841987
12000078,0xdD01596074fa8e2A2f84D10D89090aE4543EA20b,0.031624597813722146
12000078,0x6AF235d2Bbe050e6291615B71CA5829658810142,723.088743539114591116
12000078,0x97960149fc611508748dE01202974d372a677632,4609.758222653715129904
12000078,0xe1E2a52a21226ba37f28ba6Cdf59F20156798F94,0.015319197544532119
12000078,0xdD4Bc51496dc93A0c47008E820e0d80745476f22,0.061009585128111887
12000078,0x9b0c19000a8631c1f555bb365bDE308384E4f2Ff,0.010997970908905987
12000078,0x9997F27FcF2d463196EE6b2E3b7596D48d8e7C5E,0.199999999999999999
12000078,0xBA3d14a79340CB1EAC61f8ddD0A56F4624Db0e0D,2.1435503848E-7
12000078,0xeEf78134664602E37c37d438a49b82f531704e8b,0.099999999999999999
12000078,0xa9BEFffe0061866E240CBBED7E2572C48941b2Db,1.007305872051997542
12000078,0x4E475640967781Afc29d3C8aAFAe4FFC041710B7,0.000836863881519892
12000079,0x275B2eDbC7C4413dbECFf9Ef37ba9214758e3B13,7.168423662258616458
12000079,0x99c16D5f932CeCcFAf53143e85Ae18f03256205d,0.062624562234213674
12000079,0x239F014cFC39bA2217cBE985C5C5357E7E73198A,0.749999999999999999
12000079,0x5ade40e345817B739b91c6B4615eFCE87F9D7c57,101.60833677542841987
12000079,0xdD01596074fa8e2A2f84D10D89090aE4543EA20b,0.031624597813722146
12000079,0x6AF235d2Bbe050e6291615B71CA5829658810142,723.088743539114591116
12000079,0x97960149fc611508748dE01202974d372a677632,4609.758222653715129904
12000079,0xe1E2a52a21226ba37f28ba6Cdf59F20156798F94,0.015319197544532119
12000079,0xdD4Bc51496dc93A0c47008E820e0d80745476f22,0.061009585128111887
12000079,0x9b0c19000a8631c1f555bb365bDE308384E4f2Ff,0.010997970908905987
12000079,0x9997F27FcF2d463196EE6b2E3b7596D48d8e7C5E,0.199999999999999999
12000079,0xBA3d14a79340CB1EAC61f8ddD0A56F4624Db0e0D,2.1435503848E-7
12000079,0xeEf78134664602E37c37d438a49b82f531704e8b,0.099999999999999999
12000079,0xa9BEFffe0061866E240CBBED7E2572C48941b2Db,0.007305872051997542
12000079,0x4E475640967781Afc29d3C8aAFAe4FFC041710B7,0.000836863881519892
12000080,0x275B2eDbC7C4413dbECFf9Ef37ba9214758e3B13,7.168423662258616458
12000080,0x99c16D5f932CeCcFAf53143e85Ae18f03256205d,0.062624562234213674
12000080,0x5ade40e345817B739b91c6B4615eFCE87F9D7c57,101.60833677542841987
12000080,0xdD01596074fa8e2A2f84D10D89090aE4543EA20b,0.031624597813722146
12000080,0x6AF235d2Bbe050e6291615B71CA5829658810142,723.088743539114591116
12000080,0x97960149fc611508748dE01202974d372a677632,4609.758222653715129904
12000080,0xe1E2a52a21226ba37f28ba6Cdf59F20156798F94,0.015319197544532119
12000080,0xdD4Bc51496dc93A0c47008E820e0d80745476f22,0.061009585128111887
12000080,0x9b0c19000a8631c1f555bb365bDE308384E4f2Ff,0.010997970908905987
12000080,0x9997F27FcF2d463196EE6b2E3b7596D48d8e7C5E,0.199999999999999999
12000080,0xBA3d14a79340CB1EAC61f8ddD0A56F4624Db0e0D,2.1435503848E-7
12000080,0xeEf78134664602E37c37d438a49b82f531704e8b,0.099999999999999999
12000080,0xa9BEFffe0061866E240CBBED7E2572C48941b2Db,0.007305872051997542
12000080,0x4E475640967781Afc29d3C8aAFAe4FFC041710B7,0.000836863881519892
12000081,0x275B2eDbC7C4413dbECFf9Ef37ba9214758e3B13,7.168423662258616458
12000081,0x99c16D5f932CeCcFAf53143e85Ae18f03256205d,0.062624562234213674
12000081,0x5ade40e345817B739b91c6B4615eFCE87F9D7c57,101.60833677542841987
12000081,0xdD01596074fa8e2A2f84D10D89090aE4543EA20b,0.031624597813722146
12000081,0x6AF235d2Bbe050e6291615B71CA5829658810142,723.088743539114591116
12000081,0x97960149fc611508748dE01202974d372a677632,4609.758222653715129904
12000081,0xe1E2a52a21226ba37f28ba6Cdf59F20156798F94,0.015319197544532119
12000081,0xdD4Bc51496dc93A0c47008E820e0d80745476f22,0.061009585128111887
12000081,0x9b0c19000a8631c1f555bb365bDE308384E4f2Ff,0.010997970908905987
12000081,0x9997F27FcF2d463196EE6b2E3b7596D48d8e7C5E,0.199999999999999999
12000081,0xBA3d14a79340CB1EAC61f8ddD0A56F4624Db0e0D,2.1435503848E-7
12000081,0xeEf78134664602E37c37d438a49b82f531704e8b,0.099999999999999999
12000081,0xa9BEFffe0061866E240CBBED7E2572C48941b2Db,0.007305872051997542
12000081,0x4E475640967781Afc29d3C8aAFAe4FFC041710B7,0.000836863881519892
12000082,0x275B2eDbC7C4413dbECFf9Ef37ba9214758e3B13,7.168423662258616458
12000082,0x99c16D5f932CeCcFAf53143e85Ae18f03256205d,0.062624562234213674
12000082,0x5ade40e345817B739b91c6B4615eFCE87F9D7c57,101.60833677542841987
12000082,0xdD01596074fa8e2A2f84D10D89090aE4543EA20b,0.031624597813722146
12000082,0x6AF235d2Bbe050e6291615B71CA5829658810142,723.088743539114591116
12000082,0x97960149fc611508748dE01202974d372a677632,4609.758222653715129904
12000082,0xe1E2a52a21226ba37f28ba6Cdf59F20156798F94,0.015319197544532119
12000082,0xdD4Bc51496dc93A0c47008E820e0d80745476f22,0.061009585128111887
12000082,0x9b0c19000a8631c1f555bb365bDE308384E4f2Ff,0.010997970908905987
12000082,0x9997F27FcF2d463196EE6b2E3b7596D48d8e7C5E,0.199999999999999999
12000082,0xBA3d14a79340CB1EAC61f8ddD0A56F4624Db0e0D,2.1435503848E-7
12000082,0xeEf78134664602E37c37d438a49b82f531704e8b,0.099999999999999999
12000082,0xa9BEFffe0061866E240CBBED7E2572C48941b2Db,0.007305872051997542
12000082,0x4E475640967781Afc29d3C8aAFAe4FFC041710B7,0.000836863881519892
12000083,0x275B2eDbC7C4413dbECFf9Ef37ba9214758e3B13,7.168423662258616458
12000083,0x99c16D5f932CeCcFAf53143e85Ae18f03256205d,0.062624562234213674
12000083,0x5ade40e345817B739b91c6B4615eFCE87F9D7c57,101.60833677542841987
12000083,0xdD01596074fa8e2A2f84D10D89090aE4543EA20b,0.031624597813722146
12000083,0x6AF235d2Bbe050e6291615B71CA5829658810142,723.088743539114591116
12000083,0x97960149fc611508748dE01202974d372a677632,4609.758222653715129904
12000083,0xe1E2a52a21226ba37f28ba6Cdf59F20156798F94,0.015319197544532119
12000083,0xdD4Bc51496dc93A0c47008E820e0d80745476f22,0.061009585128111887
12000083,0x9b0c19000a8631c1f555bb365bDE308384E4f2Ff,0.010997970908905987
12000083,0x9997F27FcF2d463196EE6b2E3b7596D48d8e7C5E,0.199999999999999999
12000083,0xBA3d14a79340CB1EAC61f8ddD0A56F4624Db0e0D,2.1435503848E-7
12000083,0xeEf78134664602E37c37d438a49b82f531704e8b,0.099999999999999999
12000083,0xa9BEFffe0061866E240CBBED7E2572C48941b2Db,0.007305872051997542
12000083,0x4E475640967781Afc29d3C8aAFAe4FFC041710B7,0.000836863881519892
12000084,0x275B2eDbC7C4413dbECFf9Ef37ba9214758e3B13,7.168423662258616458
12000084,0x99c16D5f932CeCcFAf53143e85Ae18f03256205d,0.062624562234213674
12000084,0x5ade40e345817B739b91c6B4615eFCE87F9D7c57,101.60833677542841987
12000084,0xdD01596074fa8e2A2f84D10D89090aE4543EA20b,0.031624597813722146
12000084,0x6AF235d2Bbe050e6291615B71CA5829658810142,723.088743539114591116
12000084,0x97960149fc611508748dE01202974d372a677632,4609.758222653715129904
12000084,0xe1E2a52a21226ba37f28ba6Cdf59F20156798F94,0.015319197544532119
12000084,0xdD4Bc51496dc93A0c47008E820e0d80745476f22,0.061009585128111887
12000084,0x9b0c19000a8631c1f555bb365bDE308384E4f2Ff,0.010997970908905987
12000084,0x9997F27FcF2d463196EE6b2E3b7596D48d8e7C5E,0.199999999999999999
12000084,0xBA3d14a79340CB1EAC61f8ddD0A56F4624Db0e0D,2.1435503848E-7
12000084,0xeEf78134664602E37c37d438a49b82f531704e8b,0.099999999999999999
12000084,0xa9BEFffe0061866E240CBBED7E2572C48941b2Db,0.007305872051997542
12000084,0x4E475640967781Afc29d3C8aAFAe4FFC041710B7,0.000836863881519892
12000085,0x275B2eDbC7C4413dbECFf9Ef37ba9214758e3B13,7.168423662258616458
12000085,0x99c16D5f932CeCcFAf53143e85Ae18f03256205d,0.062624562234213674
12000085,0x5ade40e345817B739b91c6B4615eFCE87F9D7c57,101.60833677542841987
12000085,0xdD01596074fa8e2A2f84D10D89090aE4543EA20b,0.031624597813722146
12000085,0x6AF235d2Bbe050e6291615B71CA5829658810142,723.088743539114591116
12000085,0x97960149fc611508748dE01202974d372a677632,4609.758222653715129904
12000085,0xe1E2a52a21226ba37f28ba6Cdf59F20156798F94,0.015319197544532119
12000085,0xdD4Bc51496dc93A0c47008E820e0d80745476f22,0.061009585128111887
12000085,0x9b0c19000a8631c1f555bb365bDE308384E4f2Ff,0.010997970908905987
12000085,0x9997F27FcF2d463196EE6b2E3b7596D48d8e7C5E,0.199999999999999999
12000085,0xBA3d14a79340CB1EAC61f8ddD0A56F4624Db0e0D,2.1435503848E-7
12000085,0xeEf78134664602E37c37d438a49b82f531704e8b,0.099999999999999999
12000085,0xa9BEFffe0061866E240CBBED7E2572C48941b2Db,0.007305872051997542
12000085,0x4E475640967781Afc29d3C8aAFAe4FFC041710B7,0.000836863881519892
12000086,0x275B2eDbC7C4413dbECFf9Ef37ba9214758e3B13,7.168423662258616458
12000086,0x99c16D5f932CeCcFAf53143e85Ae18f03256205d,0.062624562234213674
12000086,0x5ade40e345817B739b91c6B4615eFCE87F9D7c57,101.60833677542841987
12000086,0xdD01596074fa8e2A2f84D10D89090aE4543EA20b,0.031624597813722146
12000086,0x6AF235d2Bbe050e6291615B71CA5829658810142,723.088743539114591116
12000086,0x97960149fc611508748dE01202974d372a677632,4609.758222653715129904
12000086,0xe1E2a52a21226ba37f28ba6Cdf59F20156798F94,0.015319197544532119
12000086,0xdD4Bc51496dc93A0c47008E820e0d80745476f22,0.061009585128111887
12000086,0x9b0c19000a8631c1f555bb365bDE308384E4f2Ff,0.010997970908905987
12000086,0x9997F27FcF2d463196EE6b2E3b7596D48d8e7C5E,0.199999999999999999
12000086,0xBA3d14a79340CB1EAC61f8ddD0A56F4624Db0e0D,2.1435503848E-7
12000086,0xeEf78134664602E37c37d438a49b82f531704e8b,0.099999999999999999
12000086,0xa9BEFffe0061866E240CBBED7E2572C48941b2Db,0.007305872051997542
12000086,0x4E475640967781Afc29d3C8aAFAe4FFC041710B7,0.000836863881519892
12000087,0x275B2eDbC7C4413dbECFf9Ef37ba9214758e3B13,7.168423662258616458
12000087,0x99c16D5f932CeCcFAf53143e85Ae18f03256205d,0.062624562234213674
12000087,0x5ade40e345817B739b91c6B4615eFCE87F9D7c57,0.008336775428419871
12000087,0xdD01596074fa8e2A2f84D10D89090aE4543EA20b,0.031624597813722146
12000087,0x6AF235d2Bbe050e6291615B71CA5829658810142,723.088743539114591116
12000087,0x97960149fc611508748dE01202974d372a677632,4609.758222653715129904
12000087,0xe1E2a52a21226ba37f28ba6Cdf59F20156798F94,0.015319197544532119
12000087,0xdD4Bc51496dc93A0c47008E820e0d80745476f22,0.061009585128111887
12000087,0x9b0c19000a8631c1f555bb365bDE308384E4f2Ff,0.010997970908905987
12000087,0x9997F27FcF2d463196EE6b2E3b7596D48d8e7C5E,0.199999999999999999
12000087,0xBA3d14a79340CB1EAC61f8ddD0A56F4624Db0e0D,2.1435503848E-7
12000087,0xeEf78134664602E37c37d438a49b82f531704e8b,0.099999999999999999
12000087,0xa9BEFffe0061866E240CBBED7E2572C48941b2Db,0.007305872051997542
12000087,0x4E475640967781Afc29d3C8aAFAe4FFC041710B7,0.000836863881519892
12000088,0x275B2eDbC7C4413dbECFf9Ef37ba9214758e3B13,7.168423662258616458
12000088,0x99c16D5f932CeCcFAf53143e85Ae18f03256205d,0.062624562234213674
12000088,0x5ade40e345817B739b91c6B4615eFCE87F9D7c57,0.008336775428419871
12000088,0xD3802dcE7F7A54d59E7a64329d287624FF3F495a,8.999999999999999999
12000088,0xdD01596074fa8e2A2f84D10D89090aE4543EA20b,0.031624597813722146
12000088,0x6AF235d2Bbe050e6291615B71CA5829658810142,723.088743539114591116
12000088,0x97960149fc611508748dE01202974d372a677632,4609.758222653715129904
12000088,0xe1E2a52a21226ba37f28ba6Cdf59F20156798F94,0.015319197544532119
12000088,0xdD4Bc51496dc93A0c47008E820e0d80745476f22,0.061009585128111887
12000088,0x9b0c19000a8631c1f555bb365bDE308384E4f2Ff,0.010997970908905987
12000088,0x9997F27FcF2d463196EE6b2E3b7596D48d8e7C5E,0.199999999999999999
12000088,0xBA3d14a79340CB1EAC61f8ddD0A56F4624Db0e0D,2.1435503848E-7
12000088,0xeEf78134664602E37c37d438a49b82f531704e8b,0.099999999999999999
12000088,0xa9BEFffe0061866E240CBBED7E2572C48941b2Db,0.007305872051997542
12000088,0x4E475640967781Afc29d3C8aAFAe4FFC041710B7,0.000836863881519892
12000089,0x275B2eDbC7C4413dbECFf9Ef37ba9214758e3B13,7.168423662258616458
12000089,0x99c16D5f932CeCcFAf53143e85Ae18f03256205d,0.062624562234213674
12000089,0x5ade40e345817B739b91c6B4615eFCE87F9D7c57,0.008336775428419871
12000089,0xD3802dcE7F7A54d59E7a64329d287624FF3F495a,8.999999999999999999
12000089,0xdD01596074fa8e2A2f84D10D89090aE4543EA20b,0.031624597813722146
12000089,0x6AF235d2Bbe050e6291615B71CA5829658810142,723.088743539114591116
12000089,0x97960149fc611508748dE01202974d372a677632,4609.758222653715129904
12000089,0xe1E2a52a21226ba37f28ba6Cdf59F20156798F94,0.015319197544532119
12000089,0xdD4Bc51496dc93A0c47008E820e0d80745476f22,0.061009585128111887
12000089,0x9b0c19000a8631c1f555bb365bDE308384E4f2Ff,0.010997970908905987
12000089,0x9997F27FcF2d463196EE6b2E3b7596D48d8e7C5E,0.199999999999999999
12000089,0xBA3d14a79340CB1EAC61f8ddD0A56F4624Db0e0D,2.1435503848E-7
12000089,0xeEf78134664602E37c37d438a49b82f531704e8b,0.099999999999999999
12000089,0xa9BEFffe0061866E240CBBED7E2572C48941b2Db,0.007305872051997542
12000089,0x4E475640967781Afc29d3C8aAFAe4FFC041710B7,0.000836863881519892
12000090,0x275B2eDbC7C4413dbECFf9Ef37ba9214758e3B13,7.168423662258616458
12000090,0x99c16D5f932CeCcFAf53143e85Ae18f03256205d,0.062624562234213674
12000090,0x5ade40e345817B739b91c6B4615eFCE87F9D7c57,0.008336775428419871
12000090,0xD3802dcE7F7A54d59E7a64329d287624FF3F495a,8.999999999999999999
12000090,0xdD01596074fa8e2A2f84D10D89090aE4543EA20b,0.031624597813722146
12000090,0x6AF235d2Bbe050e6291615B71CA5829658810142,723.088743539114591116
12000090,0x97960149fc611508748dE01202974d372a677632,4609.758222653715129904
12000090,0xe1E2a52a21226ba37f28ba6Cdf59F20156798F94,0.015319197544532119
12000090,0xdD4Bc51496dc93A0c47008E820e0d80745476f22,0.061009585128111887
12000090,0x9b0c19000a8631c1f555bb365bDE308384E4f2Ff,0.010997970908905987
12000090,0x9997F27FcF2d463196EE6b2E3b7596D48d8e7C5E,0.199999999999999999
12000090,0xBA3d14a79340CB1EAC61f8ddD0A56F4624Db0e0D,2.1435503848E-7
12000090,0xeEf78134664602E37c37d438a49b82f531704e8b,0.099999999999999999
12000090,0xa9BEFffe0061866E240CBBED7E2572C48941b2Db,0.007305872051997542
12000090,0x4E475640967781Afc29d3C8aAFAe4FFC041710B7,0.000836863881519892
12000091,0x275B2eDbC7C4413dbECFf9Ef37ba9214758e3B13,7.168423662258616458
12000091,0x99c16D5f932CeCcFAf53143e85Ae18f03256205d,0.062624562234213674
12000091,0x5ade40e345817B739b91c6B4615eFCE87F9D7c57,0.008336775428419871
12000091,0xD3802dcE7F7A54d59E7a64329d287624FF3F495a,8.999999999999999999
12000091,0xdD01596074fa8e2A2f84D10D89090aE4543EA20b,0.031624597813722146
12000091,0x6AF235d2Bbe050e6291615B71CA5829658810142,723.088743539114591116
12000091,0x97960149fc611508748dE01202974d372a677632,4609.758222653715129904
12000091,0xe1E2a52a21226ba37f28ba6Cdf59F20156798F94,0.015319197544532119
12000091,0xdD4Bc51496dc93A0c47008E820e0d80745476f22,0.061009585128111887
12000091,0x9b0c19000a8631c1f555bb365bDE308384E4f2Ff,0.010997970908905987
12000091,0x9997F27FcF2d463196EE6b2E3b7596D48d8e7C5E,0.199999999999999999
12000091,0xBA3d14a79340CB1EAC61f8ddD0A56F4624Db0e0D,2.1435503848E-7
12000091,0xeEf78134664602E37c37d438a49b82f531704e8b,0.099999999999999999
12000091,0xa9BEFffe0061866E240CBBED7E2572C48941b2Db,0.007305872051997542
12000091,0x4E475640967781Afc29d3C8aAFAe4FFC041710B7,0.000836863881519892
12000092,0x275B2eDbC7C4413dbECFf9Ef37ba9214758e3B13,7.168423662258616458
12000092,0x99c16D5f932CeCcFAf53143e85Ae18f03256205d,0.062624562234213674
12000092,0x5ade40e345817B739b91c6B4615eFCE87F9D7c57,0.008336775428419871
12000092,0xD3802dcE7F7A54d59E7a64329d287624FF3F495a,8.999999999999999999
12000092,0xdD01596074fa8e2A2f84D10D89090aE4543EA20b,0.031624597813722146
12000092,0x6AF235d2Bbe050e6291615B71CA5829658810142,723.088743539114591116
12000092,0x97960149fc611508748dE01202974d372a677632,4609.758222653715129904
12000092,0xe1E2a52a21226ba37f28ba6Cdf59F20156798F94,0.015319197544532119
12000092,0xdD4Bc51496dc93A0c47008E820e0d80745476f22,0.061009585128111887
12000092,0x9b0c19000a8631c1f555bb365bDE308384E4f2Ff,0.010997970908905987
12000092,0x9997F27FcF2d463196EE6b2E3b7596D48d8e7C5E,0.199999999999999999
12000092,0xBA3d14a79340CB1EAC61f8ddD0A56F4624Db0e0D,2.1435503848E-7
12000092,0xeEf78134664602E37c37d438a49b82f531704e8b,0.099999999999999999
12000092,0xa9BEFffe0061866E240CBBED7E2572C48941b2Db,0.007305872051997542
12000092,0x4E475640967781Afc29d3C8aAFAe4FFC041710B7,0.000836863881519892
12000093,0x275B2eDbC7C4413dbECFf9Ef37ba9214758e3B13,7.168423662258616458
12000093,0x99c16D5f932CeCcFAf53143e85Ae18f03256205d,0.062624562234213674
12000093,0x5ade40e345817B739b91c6B4615eFCE87F9D7c57,0.008336775428419871
12000093,0xD3802dcE7F7A54d59E7a64329d287624FF3F495a,8.999999999999999999
12000093,0xdD01596074fa8e2A2f84D10D89090aE4543EA20b,0.031624597813722146
12000093,0x6AF235d2Bbe050e6291615B71CA5829658810142,723.088743539114591116
12000093,0x97960149fc611508748dE01202974d372a677632,4609.758222653715129904
12000093,0xe1E2a52a21226ba37f28ba6Cdf59F20156798F94,0.015319197544532119
12000093,0xdD4Bc51496dc93A0c47008E820e0d80745476f22,0.061009585128111887
12000093,0x9b0c19000a8631c1f555bb365bDE308384E4f2Ff,0.010997970908905987
12000093,0x9997F27FcF2d463196EE6b2E3b7596D48d8e7C5E,0.199999999999999999
12000093,0xBA3d14a79340CB1EAC61f8ddD0A56F4624Db0e0D,2.1435503848E-7
12000093,0xeEf78134664602E37c37d438a49b82f531704e8b,0.099999999999999999
12000093,0xa9BEFffe0061866E240CBBED7E2572C48941b2Db,0.007305872051997542
12000093,0x4E475640967781Afc29d3C8aAFAe4FFC041710B7,0.000836863881519892
12000094,0x275B2eDbC7C4413dbECFf9Ef37ba9214758e3B13,7.168423662258616458
12000094,0x99c16D5f932CeCcFAf53143e85Ae18f03256205d,0.062624562234213674
12000094,0x5ade40e345817B739b91c6B4615eFCE87F9D7c57,0.008336775428419871
12000094,0xD3802dcE7F7A54d59E7a64329d287624FF3F495a,8.999999999999999999
12000094,0xdD01596074fa8e2A2f84D10D89090aE4543EA20b,0.031624597813722146
12000094,0x6AF235d2Bbe050e6291615B71CA5829658810142,723.088743539114591116
12000094,0x97960149fc611508748dE01202974d372a677632,4609.758222653715129904
12000094,0xe1E2a52a21226ba37f28ba6Cdf59F20156798F94,0.015319197544532119
12000094,0xdD4Bc51496dc93A0c47008E820e0d80745476f22,0.061009585128111887
12000094,0x9b0c19000a8631c1f555bb365bDE308384E4f2Ff,0.010997970908905987
12000094,0x9997F27FcF2d463196EE6b2E3b7596D48d8e7C5E,0.199999999999999999
12000094,0xBA3d14a79340CB1EAC61f8ddD0A56F4624Db0e0D,2.1435503848E-7
12000094,0xeEf78134664602E37c37d438a49b82f531704e8b,0.099999999999999999
12000094,0xa9BEFffe0061866E240CBBED7E2572C48941b2Db,0.007305872051997542
12000094,0x4E475640967781Afc29d3C8aAFAe4FFC041710B7,0.000836863881519892
12000095,0x275B2eDbC7C4413dbECFf9Ef37ba9214758e3B13,7.168423662258616458
12000095,0x99c16D5f932CeCcFAf53143e85Ae18f03256205d,0.062624562234213674
12000095,0x5ade40e345817B739b91c6B4615eFCE87F9D7c57,0.008336775428419871
12000095,0xD3802dcE7F7A54d59E7a64329d287624FF3F495a,8.999999999999999999
12000095,0xdD01596074fa8e2A2f84D10D89090aE4543EA20b,0.031624597813722146
12000095,0x6AF235d2Bbe050e6291615B71CA5829658810142,723.088743539114591116
12000095,0x97960149fc611508748dE01202974d372a677632,4609.758222653715129904
12000095,0xe1E2a52a21226ba37f28ba6Cdf59F20156798F94,0.015319197544532119
12000095,0xdD4Bc51496dc93A0c47008E820e0d80745476f22,0.061009585128111887
12000095,0x9b0c19000a8631c1f555bb365bDE308384E4f2Ff,0.010997970908905987
12000095,0x9997F27FcF2d463196EE6b2E3b7596D48d8e7C5E,0.199999999999999999
12000095,0xBA3d14a79340CB1EAC61f8ddD0A56F4624Db0e0D,2.1435503848E-7
12000095,0xeEf78134664602E37c37d438a49b82f531704e8b,0.099999999999999999
12000095,0xa9BEFffe0061866E240CBBED7E2572C48941b2Db,0.007305872051997542
12000095,0x4E475640967781Afc29d3C8aAFAe4FFC041710B7,0.000836863881519892
12000096,0x275B2eDbC7C4413dbECFf9Ef37ba9214758e3B13,7.168423662258616458
12000096,0x99c16D5f932CeCcFAf53143e85Ae18f03256205d,0.062624562234213674
12000096,0x5ade40e345817B739b91c6B4615eFCE87F9D7c57,0.008336775428419871
12000096,0xdD01596074fa8e2A2f84D10D89090aE4543EA20b,0.031624597813722146
12000096,0x6AF235d2Bbe050e6291615B71CA5829658810142,723.088743539114591116
12000096,0x97960149fc611508748dE01202974d372a677632,4609.758222653715129904
12000096,0xe1E2a52a21226ba37f28ba6Cdf59F20156798F94,0.015319197544532119
12000096,0xdD4Bc51496dc93A0c47008E820e0d80745476f22,0.061009585128111887
12000096,0x9b0c19000a8631c1f555bb365bDE308384E4f2Ff,0.010997970908905987
12000096,0x9997F27FcF2d463196EE6b2E3b7596D48d8e7C5E,0.199999999999999999
12000096,0xBA3d14a79340CB1EAC61f8ddD0A56F4624Db0e0D,2.1435503848E-7
12000096,0xeEf78134664602E37c37d438a49b82f531704e8b,0.099999999999999999
12000096,0xa9BEFffe0061866E240CBBED7E2572C48941b2Db,0.007305872051997542
12000096,0x4E475640967781Afc29d3C8aAFAe4FFC041710B7,0.000836863881519892
12000097,0x275B2eDbC7C4413dbECFf9Ef37ba9214758e3B13,7.168423662258616458
12000097,0x99c16D5f932CeCcFAf53143e85Ae18f03256205d,0.062624562234213674
12000097,0x5ade40e345817B739b91c6B4615eFCE87F9D7c57,0.008336775428419871
12000097,0xdD01596074fa8e2A2f84D10D89090aE4543EA20b,0.031624597813722146
12000097,0x6AF235d2Bbe050e6291615B71CA5829658810142,723.088743539114591116
12000097,0x97960149fc611508748dE01202974d372a677632,4609.758222653715129904
12000097,0xe1E2a52a21226ba37f28ba6Cdf59F20156798F94,0.015319197544532119
12000097,0xdD4Bc51496dc93A0c47008E820e0d80745476f22,0.061009585128111887
12000097,0x9b0c19000a8631c1f555bb365bDE308384E4f2Ff,0.010997970908905987
12000097,0x9997F27FcF2d463196EE6b2E3b7596D48d8e7C5E,0.199999999999999999
12000097,0xBA3d14a79340CB1EAC61f8ddD0A56F4624Db0e0D,2.1435503848E-7
12000097,0xeEf78134664602E37c37d438a49b82f531704e8b,0.099999999999999999
12000097,0xa9BEFffe0061866E240CBBED7E2572C48941b2Db,0.007305872051997542
12000097,0x4E475640967781Afc29d3C8aAFAe4FFC041710B7,0.000836863881519892
12000098,0x275B2eDbC7C4413dbECFf9Ef37ba9214758e3B13,7.168423662258616458
12000098,0x99c16D5f932CeCcFAf53143e85Ae18f03256205d,0.062624562234213674
12000098,0x5ade40e345817B739b91c6B4615eFCE87F9D7c57,0.008336775428419871
12000098,0xdD01596074fa8e2A2f84D10D89090aE4543EA20b,0.031624597813722146
12000098,0x6AF235d2Bbe050e6291615B71CA5829658810142,723.088743539114591116
12000098,0x97960149fc611508748dE01202974d372a677632,4609.758222653715129904
12000098,0xe1E2a52a21226ba37f28ba6Cdf59F20156798F94,0.015319197544532119
12000098,0xdD4Bc51496dc93A0c47008E820e0d80745476f22,0.061009585128111887
12000098,0x9b0c19000a8631c1f555bb365bDE308384E4f2Ff,0.010997970908905987
12000098,0x9997F27FcF2d463196EE6b2E3b7596D48d8e7C5E,0.199999999999999999
12000098,0xBA3d14a79340CB1EAC61f8ddD0A56F4624Db0e0D,2.1435503848E-7
12000098,0xeEf78134664602E37c37d438a49b82f531704e8b,0.099999999999999999
12000098,0xa9BEFffe0061866E240CBBED7E2572C48941b2Db,0.007305872051997542
12000098,0x4E475640967781Afc29d3C8aAFAe4FFC041710B7,0.000836863881519892
12000099,0x275B2eDbC7C4413dbECFf9Ef37ba9214758e3B13,7.168423662258616458
12000099,0x99c16D5f932CeCcFAf53143e85Ae18f03256205d,0.062624562234213674
12000099,0x5ade40e345817B739b91c6B4615eFCE87F9D7c57,0.008336775428419871
12000099,0xdD01596074fa8e2A2f84D10D89090aE4543EA20b,0.031624597813722146
12000099,0x6AF235d2Bbe050e6291615B71CA5829658810142,723.088743539114591116
12000099,0x97960149fc611508748dE01202974d372a677632,4609.758222653715129904
12000099,0xe1E2a52a21226ba37f28ba6Cdf59F20156798F94,0.015319197544532119
12000099,0xdD4Bc51496dc93A0c47008E820e0d80745476f22,0.061009585128111887
12000099,0x9b0c19000a8631c1f555bb365bDE308384E4f2Ff,0.010997970908905987
12000099,0x9997F27FcF2d463196EE6b2E3b7596D48d8e7C5E,0.199999999999999999
12000099,0xBA3d14a79340CB1EAC61f8ddD0A56F4624Db0e0D,2.1435503848E-7
12000099,0xeEf78134664602E37c37d438a49b82f531704e8b,0.099999999999999999
12000099,0xa9BEFffe0061866E240CBBED7E2572C48941b2Db,0.007305872051997542
12000099,0x4E475640967781Afc29d3C8aAFAe4FFC041710B7,0.000836863881519892
12000100,0x275B2eDbC7C4413dbECFf9Ef37ba9214758e3B13,7.168423662258616458
12000100,0x99c16D5f932CeCcFAf53143e85Ae18f03256205d,0.062624562234213674
12000100,0x5ade40e345817B739b91c6B4615eFCE87F9D7c57,0.008336775428419871
12000100,0xdD01596074fa8e2A2f84D10D89090aE4543EA20b,0.031624597813722146
12000100,0x6AF235d2Bbe050e6291615B71CA5829658810142,723.088743539114591116
12000100,0x97960149fc611508748dE01202974d372a677632,4609.758222653715129904
12000100,0xe1E2a52a21226ba37f28ba6Cdf59F20156798F94,0.015319197544532119
12000100,0xdD4Bc51496dc93A0c47008E820e0d80745476f22,0.061009585128111887
12000100,0x9b0c19000a8631c1f555bb365bDE308384E4f2Ff,0.010997970908905987
12000100,0x9997F27FcF2d463196EE6b2E3b7596D48d8e7C5E,0.199999999999999999
12000100,0xBA3d14a79340CB1EAC61f8ddD0A56F4624Db0e0D,2.1435503848E-7
12000100,0xeEf78134664602E37c37d438a49b82f531704e8b,0.099999999999999999
12000100,0xa9BEFffe0061866E240CBBED7E2572C48941b2Db,0.007305872051997542
12000100,0x4E475640967781Afc29d3C8aAFAe4FFC041710B7,0.000836863881519892
